metric,mean,median,std,min,max,ci95_low,ci95_high,bootstrap_ci95_low,bootstrap_ci95_high,n
mse,2.5952236244132143,2.581552782414458,0.0983569957302952,2.4796365117412544,2.7252282655454927,2.5090099164351005,2.681437332391328,2.5204184888581684,2.673077071800269,5.0
rmse,1.6107389871212365,1.606721127767497,0.030486467917491364,1.5746861629357307,1.650826540114222,1.5840164197755446,1.6374615544669284,1.5875372674419326,1.6347881450262798,5.0
mae,1.2777110390663147,1.294536807537079,0.02896846945779207,1.2365972185134888,1.3034108865261078,1.2523190560369089,1.3031030220957205,1.2527603876590727,1.29867249584198,5.0
median_absolute_error,1.0507945537567138,1.0796113014221191,0.07735326593812675,0.9648826122283936,1.146165132522583,0.9829914266763597,1.118597680837068,0.9928220748901367,1.108767032623291,5.0
pcc,0.47879876203465666,0.5150537427855291,0.1008742655740436,0.32940929468361835,0.5810591036344754,0.39037856975311674,0.5672189543161965,0.39133991062410306,0.552027688442263,5.0
spearman,0.45809424892734807,0.4959780134490037,0.09027279013198986,0.3212829475751196,0.5370338146375995,0.3789666595878971,0.537221838266799,0.38000506234007525,0.5229197046098669,5.0
r2,0.19497110014974509,0.20109129613129462,0.07585792682351854,0.08474549045467883,0.28805816441700605,0.12847869559398498,0.26146350470550517,0.13128381272532513,0.2530270085993528,5.0
bias,-0.05440380716323852,-0.0986220371723175,0.37609758400206156,-0.5795349204540252,0.36655118227005007,-0.38406787465204095,0.27526026032556394,-0.3398036043643951,0.22419622492790223,5.0
mean_prediction,6.230859924316406,6.318250572681427,0.287097368250953,5.855196189880371,6.49201420545578,5.979207985540802,6.482511863092011,6.008682838916778,6.450924775123596,5.0
