epoch,train_loss,train_mse,train_pcc,train_spearman,train_rmse,train_mae,train_median_absolute_error,train_r2,train_bias,val_loss,val_mse,val_pcc,val_spearman,val_rmse,val_mae,val_median_absolute_error,val_r2,val_bias,train_affinity_loss,train_contact_avg_prob,train_contact_f1,train_contact_loss,train_contact_pr_auc,train_contact_precision,train_contact_recall,train_contact_roc_auc,train_mean_prediction,train_neg_accuracy,train_pos_accuracy,train_scaled_contact_loss,val_affinity_loss,val_contact_avg_prob,val_contact_f1,val_contact_loss,val_contact_pr_auc,val_contact_precision,val_contact_recall,val_contact_roc_auc,val_mean_prediction,val_neg_accuracy,val_pos_accuracy,val_scaled_contact_loss
1.0,5.259971178174019,5.254627373906903,0.0034431557399844212,0.021258667909051655,2.2922974008419814,1.7878775559458882,1.470644474029541,-0.6442862104837641,-0.26862857297994197,3.930493083000183,3.9257414938087667,0.3622434312212086,0.3366887394117177,1.9813484029339128,1.5723412013053895,1.2736670970916748,-0.3605939962481024,-1.0616987252235413,5.254627352952957,0.011034215800464153,0.004555198285101822,0.05343802627176046,0.005564542234892914,0.007426823940585408,0.003285024154589372,0.49157224574481057,5.983810697188601,0.9974835327567168,0.003285024154589372,0.005343802655115724,3.9257415342330932,0.005974963773041964,0.0,0.047515768855810166,0.009920410398723996,0.0,0.0,0.5864728237053909,5.347320046424866,1.0,0.0,0.004751576911658049
2.0,4.1506637376546855,4.146007607107641,0.08147136458397185,0.0647947048465576,2.0361747486666366,1.6241253469884396,1.396636962890625,-0.2973751803563507,-0.10984984531998634,5.571878547668457,5.567184375736008,0.43621894067093836,0.3554650113447622,2.3594881596939636,1.8855106902122498,1.6840941905975342,-0.9294896644566566,-1.694974386692047,4.146007573604583,0.00797356478869915,0.0,0.0465616917796433,0.006042190131736707,0.0,0.0,0.5189687628489292,6.142589424848556,1.0,0.0,0.00465616918168962,5.567184257507324,0.007547431159764528,0.0,0.04694317504763603,0.009446162207639467,0.0,0.0,0.6114874515439395,4.71404438495636,1.0,0.0,0.004694317523390054
3.0,3.693203854560852,3.6885820892682637,0.18814776302819014,0.18139233502691535,1.9205681683471336,1.5418841852247716,1.3324869871139526,-0.1542368723877212,-0.09611203178763389,2.482396728992462,2.4777148970711376,0.4475879743040222,0.3711989151505925,1.5740758866938842,1.3022615170478822,1.1252436637878418,0.14126693805843027,0.27404680490493777,3.688582085967064,0.008235416375100613,0.0,0.04621773524209857,0.007267360282129044,0.0,0.0,0.5547480821544495,6.156327238380909,1.0,0.0,0.004621773483231664,2.4777148485183718,0.006621937733143568,0.0,0.0468188214302063,0.010465962253913389,0.0,0.0,0.6143570386867909,6.683065576553345,1.0,0.0,0.004681882169097662
4.0,3.718699687719345,3.71408164397442,0.21332380042290913,0.1970502803586455,1.9271952791490592,1.5552908770740033,1.3077921867370605,-0.16221623290051945,-0.15780043616890907,2.552367150783539,2.547713309529716,0.42897541976199133,0.35854338382851164,1.5961557911211912,1.3032701754570006,1.10184645652771,0.11700670088075538,0.3063310122489929,3.714081680774689,0.008075414225459099,0.0,0.04618025459349155,0.007767038572972815,0.0,0.0,0.5679469515880499,6.094638833999634,1.0,0.0,0.0046180254616774614,2.5477132976055143,0.010274415835738182,0.0,0.04653825804591179,0.011025318865280078,0.0,0.0,0.6234164169105264,6.7153497838974,1.0,0.0,0.00465382581576705
5.0,3.8240036290884016,3.819388975068905,0.19003721515643307,0.182826763566829,1.9543257085421828,1.562772960215807,1.3287105560302734,-0.1951691675351097,-0.12536402627825738,2.471944308280945,2.4673018138424556,0.4551219119522602,0.3819042104936898,1.5707647226247652,1.2521246981620788,1.1443884372711182,0.14487593231995266,-0.3281989121437073,3.819388968348503,0.008223826996982098,0.0,0.04614670898765325,0.007605856418074247,0.0,0.0,0.5648572258629357,6.127075243890285,0.9999994461999905,0.0,0.004614670880837366,2.4673018217086793,0.007076496258378029,0.0,0.046424687951803205,0.012683749409771733,0.0,0.0,0.6336526692786938,6.080819859504699,1.0,0.0,0.004642468821257353
6.0,3.2384385049343107,3.233823415700935,0.3100585475114644,0.30697694711914214,1.7982834636677654,1.420529152005911,1.1938796043395996,-0.011933077496804279,-0.07486422434449196,2.313946542739868,2.309252996569317,0.45580006926729905,0.3574932567629051,1.519622649399948,1.26085866689682,1.2432787418365479,0.19965291451174572,-0.04222609758377075,3.233823455572128,0.00813288614153862,0.0,0.04615052916109562,0.0077249931703968445,0.0,0.0,0.5696038315919106,6.177575045824051,1.0,0.0,0.004615052898880094,2.309253063201904,0.0062705171294510365,0.0,0.046935066282749176,0.010914372353813515,0.0,0.0,0.6108542268360422,6.366792674064636,1.0,0.0,0.004693506639450788
7.0,3.327135197222233,3.3225298042850913,0.3087770925161934,0.2974126949731192,1.8227807888731686,1.4771957658231258,1.2831552028656006,-0.0396912192548744,-0.09374262884259224,2.6582578897476195,2.6536015566047,0.4662693525766873,0.3694227002281952,1.6289878933266202,1.3105717945098876,1.219240665435791,0.08030766874359829,-0.6208263635635376,3.322529813051224,0.008055384270846844,0.0,0.04605384428054094,0.007899832055458496,0.0,0.0,0.5733356816594027,6.1586966413259505,1.0,0.0,0.004605384445749223,2.6536015319824218,0.0074735358357429504,0.0,0.04656323403120041,0.01122438096455602,0.0,0.0,0.6272896989654658,5.7881924080848695,1.0,0.0,0.004656323455274105
8.0,3.336580271422863,3.3319736594633547,0.33579379732487497,0.31930952996236256,1.8253694583462698,1.450296668857336,1.1897430419921875,-0.04264640517738871,-0.15644101813435554,2.3831229615211487,2.378439279142134,0.47117315302407703,0.3872448567130601,1.542218946564376,1.290377712249756,1.1558300256729126,0.17567414748397336,-0.3656157636642456,3.3319736176729204,0.00787817221134901,0.0,0.04606642046943307,0.008163818505507231,0.0,0.0,0.5782414251118105,6.095998252034187,1.0,0.0,0.004606642061844468,2.37843923330307,0.006271721795201302,0.0,0.04683750241994858,0.011477620938016178,0.0,0.0,0.6346598402796146,6.043403007984161,1.0,0.0,0.004683750234544277
9.0,3.3761709439754486,3.371555314412774,0.3437311254972174,0.32719454213816923,1.8361795430765406,1.458001284748316,1.2480521202087402,-0.055032358507713264,-0.1201858888566494,3.5973542141914367,3.5926945896891227,0.5008208917378698,0.40605713300263974,1.8954404737920743,1.5585178971290587,1.395383596420288,-0.24516570864209242,1.1799466443061828,3.3715553003549577,0.007934970781207085,0.0,0.0461566261574626,0.008119442611202624,0.0,0.0,0.5783010169624876,6.132253381311894,1.0,0.0,0.0046156626287847755,3.5926946115493776,0.008560366928577423,0.0,0.04659542500972748,0.01091868130407414,0.0,0.0,0.6266785119494531,7.58896541595459,1.0,0.0,0.004659542515873909
10.0,3.1905028587579727,3.1858777381879033,0.37617552881884647,0.3621062779185295,1.7849027251331944,1.4278433780372142,1.1902730464935303,0.003070158846546711,-0.09760095134377479,3.0245920860767366,3.0199183563852676,0.47031487456420895,0.39139135844068357,1.7377912292290083,1.4037697768211366,1.261040210723877,-0.04665138836505012,0.8788150000572205,3.1858777424693105,0.007974868640303612,0.0,0.04625118110328913,0.007422168454799326,0.0,0.0,0.5638855572601358,6.154838318824768,1.0,0.0,0.004625118114054203,3.019918372631073,0.008270367980003357,0.0,0.046737193614244464,0.010332028326306277,0.0,0.0,0.6219000391410971,7.287833771705627,1.0,0.0,0.004673719387501479
11.0,2.7955846869945526,2.7909478174792612,0.43422057871198894,0.4212566134794597,1.6706130064976932,1.3402554987370967,1.1246874332427979,0.12665224688447174,-0.08494075432419777,2.2097633910179137,2.205105421028005,0.500817174283298,0.40783934865112625,1.4849597371740437,1.2141001224517822,0.9465556144714355,0.23574866004893447,0.1702319574356079,2.7909477984905244,0.007954195141792297,0.0,0.046368707846850155,0.007587097478344544,0.0,0.0,0.5689287197105304,6.167498515844345,0.9999700947994856,0.0,0.004636870790272951,2.205105395317078,0.007752761710435152,0.0,0.04657990097999573,0.01061687050369961,0.0,0.0,0.602094990257779,6.5792507290840145,1.0,0.0,0.004657990150153637
12.0,3.005042040348053,3.0004329088895325,0.40409712428594063,0.3852972013652871,1.7321757730927692,1.407218868136406,1.2444722652435303,0.06109984466879881,-0.0787984749674797,2.5577246952056885,2.5530566094305125,0.4772807274584602,0.35797931557612866,1.5978287171754402,1.3159644770622254,1.2587800025939941,0.11515480569696857,-0.5580840516090393,3.0004328972101213,0.008074214681982994,0.0,0.04609142081812024,0.007902235212401904,0.0,0.0,0.5743519631335495,6.173640795201063,1.0,0.0,0.00460914209485054,2.553056583404541,0.007932071574032307,0.0,0.04668134480714798,0.010639428826115682,0.0,0.0,0.607144841340037,5.850934720039367,1.0,0.0,0.004668134450912476
13.0,2.967679262757301,2.9630576738329863,0.39617764875531647,0.38663707534462105,1.7213534424495704,1.3880828665196896,1.1880261898040771,0.07279536163775502,-0.11387012258172036,2.5058856225013733,2.5012104397875423,0.45632248268322534,0.39245348695846843,1.5815215584327462,1.2752230095863342,1.0520374774932861,0.1331237899655292,-0.4494991374015808,2.9630576491355898,0.008089269511401653,0.0,0.04621619334444404,0.007780192374863466,0.0,0.0,0.5672839506707913,6.138569147586822,1.0,0.0,0.0046216193260625,2.50121045589447,0.009181099012494087,0.0,0.046751450002193454,0.010713703272103879,0.0,0.0,0.6148304026179423,5.959519634246826,1.0,0.0,0.004675145037472248
14.0,3.1177683770656586,3.1131598784098884,0.39489621751437615,0.37960252308422276,1.7644148827330517,1.4134342320263387,1.203836441040039,0.0258251451815682,-0.10283612295985221,2.879918394088745,2.8752671159323158,0.5043896582645997,0.415028218505964,1.6956612621429776,1.359892475605011,1.1414461135864258,0.0034822257867006545,-0.8507319617271424,3.1131598740816115,0.00801719818264246,0.0,0.046085001844912765,0.00796748602204054,0.0,0.0,0.5678678608403418,6.1496031472086905,1.0,0.0,0.004608500173781067,2.8752671527862548,0.007006903178989887,0.0,0.04651263058185577,0.01100911024764605,0.0,0.0,0.6077541564719177,5.558286809921265,1.0,0.0,0.004651263151317835
15.0,3.217304813414812,3.212689177992525,0.38420087776581446,0.3698158707249686,1.7923976059994402,1.4235396133363247,1.1894009113311768,-0.005319718801653606,-0.10786085858941079,2.5384251475334167,2.5337484015849947,0.5043818692669183,0.43568271770492195,1.5917752358875905,1.2671260666847228,1.1132879257202148,0.12184669606070053,-0.6178354907035828,3.2126891937851907,0.007910996675491333,0.0,0.046156030967831614,0.007813741011551023,0.0,0.0,0.5673494781071647,6.144578411579132,1.0,0.0,0.004615603084675968,2.5337484192848208,0.006352310534566641,0.0,0.046767303943634035,0.010593341633352992,0.0,0.0,0.6189354538785533,5.791183280944824,1.0,0.0,0.004676730390638113
16.0,2.914500667154789,2.9098680610411263,0.43638714264654377,0.42757037482852817,1.7058335384911174,1.3530863328278064,1.146700382232666,0.08943953840448948,-0.1279707907140255,2.2203280234336855,2.21564457613461,0.5162361437897003,0.4346325906393154,1.4885041404492665,1.18007319688797,1.001007080078125,0.2320959714584634,-0.3092480635643005,2.9098680621385573,0.007920417934656143,0.0,0.04632606042549014,0.007785447686236381,0.0,0.0,0.556920203802042,6.124468479454517,1.0,0.0,0.0046326060546562076,2.215644586086273,0.007720213383436203,0.0,0.04683440402150154,0.009350437132162282,0.0,0.0,0.591862348754102,6.099770708084106,1.0,0.0,0.004683440364897251
17.0,2.8011903992295264,2.7965634227704426,0.47126370606874507,0.4422556913006547,1.6722928639357528,1.354262608140707,1.2074837684631348,0.1248950028999326,-0.10987513735890389,2.107095754146576,2.102430075726232,0.5438038621976485,0.43329442872142826,1.44997588798098,1.1957699847221375,1.0037562847137451,0.271334156088501,0.24852052450180054,2.7965633922815325,0.007992853410542011,0.0001927153594141453,0.04627023624256253,0.007533712297574418,0.03571428571428571,9.66183574879227e-05,0.5592869292747786,6.142564132809639,0.9999850473997428,9.66183574879227e-05,0.004627023627981544,2.1024300241470337,0.009112291038036346,0.0,0.04665730535984039,0.011014540442677134,0.0,0.0,0.602893726960616,6.657539296150207,1.0,0.0,0.004665730539709329
18.0,2.86048074811697,2.8558689977306004,0.46254019254601,0.43128002163531587,1.6899316547513394,1.358474403768778,1.1598830223083496,0.10633700969264115,-0.09984964117407799,3.0580725288391113,3.0534104561935305,0.5221917013413823,0.37583147569143954,1.7474010576263053,1.4264325666427613,1.0989354848861694,-0.05825916997592073,-0.9714391326904297,2.8558689910173416,0.008075728081166744,0.0,0.046117557007819415,0.008020180932872793,0.0,0.0,0.5737731187091295,6.152589628994465,1.0,0.0,0.0046117557142861185,3.053410506248474,0.008256183005869389,0.0,0.04662028327584267,0.009988566596816729,0.0,0.0,0.5965436894948554,5.437579638957978,1.0,0.0,0.0046620283834636215
19.0,2.6811587825417518,2.676557581363515,0.49902560755790765,0.4941844535766868,1.6360188206018642,1.2883948278427124,1.051455020904541,0.16244741835430965,-0.12784315913915634,2.2020080614089967,2.1973341957450048,0.5255217217961448,0.40506701319792504,1.4823407825952184,1.23089839220047,0.9164292812347412,0.2384420321113122,0.27969549417495726,2.6765575912594795,0.007847589440643787,0.0,0.04601192908361554,0.008320219579224571,0.0,0.0,0.5843396376053662,6.124596111029387,1.0,0.0,0.004601192909758538,2.197334214448929,0.0067741950042545795,0.0,0.046738739162683486,0.010140620216245861,0.0,0.0,0.5973985958248375,6.688714265823364,1.0,0.0,0.00467387393116951
20.0,2.388777442276478,2.3841671999530254,0.5514930921745829,0.5202596656777461,1.5440748686359174,1.2383216239511967,1.0469223260879517,0.2539426734924295,-0.08060500487685203,2.3408293676376344,2.3361634573861663,0.5039663292838099,0.41115174945235367,1.528451326469432,1.2465545105934144,1.1165573596954346,0.19032621496175783,-0.30340720891952516,2.3841672104597094,0.00787168275564909,0.0,0.046102410033345226,0.007971017611726625,0.0,0.0,0.5759548001220456,6.17183426529169,1.0,0.0,0.004610241034533828,2.3361634349823,0.007261041086167097,0.0,0.0466593673825264,0.0103989220679126,0.0,0.0,0.60981961026998,6.105611562728882,1.0,0.0,0.004665936715900898
21.0,2.316930027008057,2.3123228399094216,0.5699603799933753,0.5564186731355669,1.5206323815799208,1.19771679982543,0.9690037965774536,0.27642432292533636,-0.07940402284264564,2.435066089630127,2.430408679373023,0.5153129589196929,0.404766976893466,1.558976805271016,1.2675335454940795,1.0927820205688477,0.15766245362835973,-0.5215213775634766,2.312322840988636,0.007884414866566658,0.0,0.046071929689496756,0.008311174398399053,0.0,0.0,0.5817149582950334,6.173035247325897,0.9999939081998952,0.0,0.0046071929531171915,2.430408682823181,0.009143230505287647,0.0,0.046573955565690994,0.010681469817937684,0.0,0.0,0.621653498897741,5.887497394084931,1.0,0.0,0.0046573955565691
22.0,2.3081945344805717,2.3035946693631772,0.57261576986673,0.5429773353458582,1.5177597535061922,1.1920343409478664,0.9970288276672363,0.27915555569423045,-0.06006454363465309,2.057911057472229,2.0532549264499966,0.5614790031923268,0.46576435758998186,1.4329183251148674,1.1801540875434875,1.116621971130371,0.28837741096795966,-0.25644952535629273,2.303594658374786,0.007848278619349003,0.0,0.04599875075742602,0.008356825655852001,0.0,0.0,0.583134918186964,6.19237472653389,1.0,0.0,0.004599875067360699,2.0532549476623534,0.0085959667339921,0.0,0.04656103819608688,0.011097448209382127,0.0,0.0,0.6244763413500515,6.152569246292114,1.0,0.0,0.004656103812158108
23.0,2.48074616253376,2.476146427018418,0.5498596947651815,0.5238255339927994,1.5735775884964864,1.2626220697164536,1.1066834926605225,0.22516039000157706,-0.13033648759126662,2.3971092081069947,2.392439645892761,0.5669083449574801,0.48458263460565065,1.5467513199906315,1.244019091129303,1.1028878688812256,0.1708218628961531,0.4157854199409485,2.4761464473605157,0.007921217009425163,0.0,0.04599721221253276,0.008577416685194676,0.0,0.0,0.5796931337162005,6.122102782577276,1.0,0.0,0.004599721224512905,2.3924396228790283,0.009538880549371243,0.0,0.046696182042360306,0.011659143222792696,0.0,0.0,0.6214610841840578,6.824804191589355,1.0,0.0,0.004669618234038353
24.0,2.4137369030714035,2.409132596812516,0.5647050515855974,0.5550730920794154,1.5521380727282337,1.244220256060362,1.0507276058197021,0.2461304624878673,-0.09945745244622231,2.6708240413665774,2.6661729706476596,0.5689842649650848,0.45562913122535664,1.6328419919415533,1.2846458172798156,1.0713505744934082,0.07595063441054928,-0.7367156386375427,2.409132599234581,0.0077871535904705524,0.0,0.04604299645870924,0.008452600951273662,0.0,0.0,0.5793264636930239,6.152981817722321,0.999998892399981,0.0,0.004604299638886005,2.666173024177551,0.0072763036005198956,0.0,0.04651008456945419,0.011367403232376647,0.0,0.0,0.6176998774477459,5.672303133010864,1.0,0.0,0.004651008453220129
25.0,2.5845793986320498,2.579963203422005,0.5296730633476022,0.5058938283189672,1.6062263861056463,1.260287635922432,1.0393484830856323,0.19267388207049796,-0.08734504729509354,2.7124734115600586,2.707800237998746,0.5321655457234757,0.40652518963759576,1.6455394975504982,1.324602198600769,1.1879522800445557,0.061523344654607626,-0.7464368772506714,2.5799632003903388,0.008013280108571053,0.0,0.04616210721433163,0.007757494794448625,0.0,0.0,0.5619648970947818,6.165094222873449,1.0,0.0,0.004616210719104856,2.707800283432007,0.008647546172142029,0.0,0.046731380075216294,0.01108877941709546,0.0,0.0,0.6090376774709947,5.662581894397736,1.0,0.0,0.0046731380373239515
26.0,1.994749425649643,1.9901374515783885,0.6421826853580465,0.6147084119814025,1.4107223155456174,1.1143213269114494,0.9472870826721191,0.37724307819669034,-0.09767498433589936,2.1711936569213868,2.1665213138185924,0.5643267046256054,0.4659803837291923,1.4719107696523566,1.2006709814071654,1.1000573635101318,0.249121243216347,-0.3923719596862793,1.9901374405622483,0.007876603864133358,0.0,0.04611984031274915,0.00829839224962408,0.0,0.0,0.5815405722635412,6.154764285832644,1.0,0.0,0.004611984030343592,2.1665213203430174,0.006933314260095358,0.0,0.04672336101531983,0.01022622035885749,0.0,0.0,0.5966232969832154,6.0166468119621275,1.0,0.0,0.0046723361127078535
27.0,2.3273922541737555,2.3227840666839294,0.5800994247052544,0.5564491890042176,1.524068261818981,1.2341119210422038,1.0705301761627197,0.27315077949283983,-0.0858002533018589,2.354626851081848,2.3499753869391578,0.5278160381301618,0.42400530473537745,1.532962943759293,1.212928400039673,0.9513198137283325,0.18553923944234596,-0.09816221714019775,2.322784072160721,0.007949006743729115,0.0,0.0460817969404161,0.008218743387832851,0.0,0.0,0.5763869309115655,6.166639016866684,1.0,0.0,0.004608179675415158,2.3499753713607787,0.007227747235447168,0.0,0.046514800786972045,0.01122905766730631,0.0,0.0,0.6190039610940115,6.310856554508209,1.0,0.0,0.0046514800563454625
28.0,2.3301287615299224,2.325537238605627,0.5862801712663623,0.5658522367381208,1.5249712255008705,1.1933803728222847,0.99472975730896,0.2722892526320744,-0.12489487648010254,2.274919719696045,2.2702682906529525,0.5844113758329146,0.5358168339550704,1.5067409500816498,1.194318504333496,1.064131259918213,0.2131643382514279,-0.5931872367858887,2.325537240207195,0.007681734394282103,0.0,0.04591528486460447,0.00861203617864058,0.0,0.0,0.588881433643862,6.12754439368844,1.0,0.0,0.004591528492746875,2.2702683210372925,0.007881762459874153,0.0,0.04651390910148621,0.01118002428389266,0.0,0.0,0.6159733114248015,5.815831534862518,1.0,0.0,0.0046513909287750725
29.0,1.8688045686483383,1.8642091216682308,0.6670064018705104,0.6452716247601846,1.3653604365398284,1.0930059583485126,0.9459013938903809,0.4166487680099663,-0.039387632459402085,3.258302917480469,3.2536543158121587,0.5636866159029962,0.46917277000863616,1.8037888778380242,1.4586278557777406,1.3490252494812012,-0.12766022290116585,-1.1157815432548523,1.8642091351747512,0.007783232722431421,0.0,0.04595432624220848,0.008823928415145378,0.0,0.0,0.5894309436028209,6.213051637709141,1.0,0.0,0.004595432644709945,3.253654317855835,0.0066510699689388275,0.0,0.04648573100566864,0.012467323614566797,0.0,0.0,0.6297455154803882,5.293237228393554,1.0,0.0,0.004648573081940412
30.0,2.0044122385978698,1.9998269385934635,0.644752292145463,0.6412492488939444,1.4141523746023494,1.1065634693205357,0.9109838008880615,0.37421102877589496,-0.06546628579497338,3.9076005935668947,3.902923039457588,0.4620607468111648,0.3777037022312637,1.9755816964776698,1.5978846907615663,1.326176404953003,-0.3526855152534063,-1.2685699915885926,1.9998269242048263,0.0076771997846663,0.0,0.04585309099406004,0.008795664010615638,0.0,0.0,0.586153005493252,6.186972984373569,1.0,0.0,0.004585309091489762,3.902923002243042,0.010258435271680355,0.0,0.04677625685930252,0.01132356222974505,0.0,0.0,0.6190681105632105,5.140448780059814,1.0,0.0,0.004677625689655542
31.0,1.9606514093279839,1.9560542431311523,0.6548800180605284,0.6396015677694564,1.398590091174377,1.1146880580484868,0.9522590637207031,0.3879084490538379,-0.09932055041193961,2.0264852833747864,2.021856499047485,0.5841384058085455,0.5076194220620132,1.4219200044473266,1.12218505859375,0.9885902404785156,0.29925956199162307,-0.3329298400878906,1.9560542199015618,0.007872854359447956,0.0,0.045971932392567395,0.008528203582584508,0.0,0.0,0.5952577086673891,6.153118719756603,1.0,0.0,0.004597193237859756,2.0218565177917482,0.007310385350137949,0.0,0.04628751203417778,0.01197622948729029,0.0,0.0,0.6452927973080809,6.076088931560516,1.0,0.0,0.004628751259297133
32.0,1.8872335302829741,1.8826623013633188,0.6669077886831003,0.6507879070856151,1.3721014180312323,1.0770414716005325,0.8848433494567871,0.41087437017865946,-0.0653524261713028,2.1309996175765993,2.1263613714520564,0.5715749265726553,0.49636205991871124,1.458204845504244,1.1716382908821106,1.050691843032837,0.26303998355107183,-0.27964757204055785,1.8826622891426086,0.007674113847315311,0.0,0.04571247247979045,0.009298447928626776,0.0,0.0,0.6047421512506376,6.18708684399724,1.0,0.0,0.004571247238200158,2.1263614082336426,0.0068427203223109245,0.0,0.046381840109825136,0.013021103750535808,0.0,0.0,0.6413974157890806,6.129371199607849,1.0,0.0,0.004638184066861868
33.0,2.0059383007884026,2.0013604077871894,0.6487711732805911,0.6183427652182665,1.41469445739608,1.1228421540558338,0.9546310901641846,0.373731173199081,-0.09907932087779045,2.366773638725281,2.362117718095238,0.5721483310568677,0.5025908135992802,1.536918253550018,1.1988604426383973,1.0888018608093262,0.18133091780489896,-0.5464576745033264,2.001360410451889,0.007691738195717335,0.0,0.045778897386044265,0.009196945384451084,0.0,0.0,0.600006236938513,6.153359949290753,1.0,0.0,0.004577889731153846,2.3621177101135253,0.009524223394691944,0.0,0.04655933648347855,0.012194163074473395,0.0,0.0,0.6235783741974998,5.862561097145081,1.0,0.0,0.004655933640897274
34.0,2.032760190665722,2.028177545148558,0.6525678569247298,0.6439212858535446,1.424140984997117,1.1457495231926442,0.9786968231201172,0.36533951266252085,-0.09289892062544823,2.092124786376953,2.08749329554742,0.5908280959833531,0.521511102958465,1.4448160075066376,1.1282222247123719,0.9831180572509766,0.27651098534906726,-0.11394916772842408,2.0281775522232057,0.007799394894391298,0.0,0.04582627100870013,0.008961118528690828,0.0,0.0,0.5980153631453133,6.159540349543095,1.0,0.0,0.004582627105992288,2.087493348121643,0.007462609093636274,0.0,0.046314257234334945,0.011051510874200188,0.0,0.0,0.6329081273652425,6.295069603919983,1.0,0.0,0.004631425756961107
35.0,1.8683937391638756,1.8638172274981712,0.6754485421855212,0.6563056894230223,1.3652169159141603,1.0838097630441188,0.8943169116973877,0.41677140014616565,-0.09950123444199561,2.618266158103943,2.613631301487229,0.6001570593539134,0.5235093447461621,1.6166729111008291,1.319990178346634,1.064063549041748,0.0941606667637438,-0.8323558533191681,1.8638172274827958,0.007638995070010424,0.0,0.045765109919011594,0.009119255738334057,0.0,0.0,0.5997892296289254,6.152938035726547,1.0,0.0,0.004576510994229466,2.6136312770843504,0.009043353609740734,0.0,0.046349129229784014,0.01201432481322206,0.0,0.0,0.6270549590796769,5.576662918329239,1.0,0.0,0.004634912963956595
36.0,1.9013248962163924,1.8967553439159333,0.6671745151365213,0.6399511643107736,1.3772274118372512,1.09559573918581,0.9059028625488281,0.4064643532765866,-0.07623790264129639,2.503570785522461,2.4989402453700778,0.6138089048125935,0.5153663594431447,1.5808036707226099,1.2542348909378052,1.1292355060577393,0.13391060002411037,-0.5918991422653198,1.8967553561925887,0.007629320956766605,0.0,0.04569540971890092,0.009129861367184655,0.0,0.0,0.610233795368949,6.176201367527247,1.0,0.0,0.004569540983065962,2.498940191268921,0.008754617534577847,0.0,0.04630604133009911,0.012098606625827634,0.0,0.0,0.6482691866719603,5.817119629383087,1.0,0.0,0.00463060412555933
37.0,1.9389374408125877,1.9343702974178303,0.6657668421015868,0.6459783647780766,1.3908164139877808,1.1215760101377965,0.9448597431182861,0.3946938232370478,-0.07904425904154777,2.0201806688308714,2.0155270353075996,0.6094361710140906,0.5117479216113691,1.4196925847899606,1.1247642302513123,1.0279362201690674,0.30145324447875066,-0.17733045816421508,1.9343702870607375,0.0076019251719117165,0.0,0.04567150143906474,0.009308408674428451,0.0,0.0,0.6112227408465672,6.1733950111269955,1.0,0.0,0.004567150138318539,2.0155270528793334,0.009561782702803612,0.0,0.04653604850172997,0.011823971403704305,0.0,0.0,0.6409089251622596,6.231688313484192,1.0,0.0,0.004653604812920094
38.0,1.5655404594540596,1.5609923144321636,0.7340260566212192,0.7200761790605904,1.2493967802232258,0.9793298912048339,0.8055918216705322,0.5115318452384252,-0.08419794917106628,2.027652167081833,2.023032926675121,0.623579347176752,0.5558772612711995,1.4223336200326282,1.1100893497467041,0.8515167236328125,0.29885183255510617,0.3603787612915039,1.5609923146665097,0.007590385153889656,0.0,0.04548146557062864,0.009990449987633352,0.0,0.0,0.6263441160977565,6.168241320997477,1.0,0.0,0.004548146554734558,2.0230329704284666,0.007142907008528709,0.0,0.04619216054677963,0.011662086948052298,0.0,0.0,0.6443770210498986,6.7693975329399105,1.0,0.0,0.004619216062128544
39.0,1.659218739569187,1.6546804303558797,0.7206046508207928,0.7058961205288932,1.2863438227611932,1.010896903127432,0.8530198335647583,0.48221481357514473,-0.08979153230786324,2.0665086317062378,2.0617620032941626,0.6059020716103526,0.5710470968246469,1.4358837011729615,1.1093804740905762,0.9755167961120605,0.2854290055016172,-0.13680269241333007,1.6546804279088974,0.007519023958593607,0.0,0.04538309797644615,0.010097189852253437,0.0,0.0,0.6265548056728875,6.16264773786068,1.0,0.0,0.00453830978833139,2.0617619729042054,0.013092705979943275,0.0,0.047466815561056135,0.011836765118045173,0.0,0.0,0.6473222472867508,6.2722160792350765,1.0,0.0,0.004746681600809097
40.0,1.4490497106313704,1.4445028541899154,0.7561505068129255,0.744333282895154,1.2018747248319666,0.9339804476499558,0.753847599029541,0.5479839092028792,-0.05895119369029999,1.935605957508087,1.9309954254304251,0.6080178523864327,0.5586375952722225,1.3896026142140152,1.101065344810486,0.9457008838653564,0.3307504361235536,-0.27496699810028075,1.4445028500258923,0.007643482647836208,0.0,0.045468509532511234,0.010105937044493276,0.0,0.0,0.6252839911864788,6.193488076478243,1.0,0.0,0.004546850952319801,1.9309953832626343,0.010481564328074455,0.0,0.04610556721687317,0.013772603978105383,0.0,0.0,0.6593621274038034,6.134051773548126,1.0,0.0,0.004610556717962027
41.0,1.601596091389656,1.5970488437744244,0.7331314763011376,0.7180279478629522,1.2637439787292457,0.9959823249280453,0.8093626499176025,0.5002489797226344,-0.08599874868988991,2.0235187864303588,2.0188535063988327,0.581046851672682,0.5044870430434611,1.4208636480672003,1.1493459916114808,1.0256993770599365,0.30030034722289156,-0.31981730222702026,1.5970488315820695,0.007692941930145025,0.0,0.04547259761020541,0.009977203708648703,0.0,0.0,0.6275502168592552,6.166440521478653,1.0,0.0,0.004547259770333767,2.0188535118103026,0.01108456403017044,0.0,0.046652806848287584,0.012111423934867544,0.0,0.0,0.6566362635245968,6.089201469421386,1.0,0.0,0.00466528071090579
42.0,2.054378389418125,2.0498283525873147,0.6395699496304086,0.623238605089839,1.4317221631962378,1.1162277932465077,0.8903493881225586,0.3585645081599813,-0.06293940767645836,2.322734022140503,2.31808505114803,0.5713956862440158,0.5032868978256251,1.5225258786464124,1.2147192549705506,1.0357351303100586,0.19659187739218886,-0.11361304044723511,2.049828341305256,0.0075577981770038605,0.0,0.04550049019977451,0.010054836553546852,0.0,0.0,0.6247731605731996,6.1894998624920845,1.0,0.0,0.0045500490209087726,2.318085086345673,0.00981886126101017,0.0,0.04648971632122993,0.012162103477692997,0.0,0.0,0.6545315020316494,6.295405731201172,1.0,0.0,0.004648971632122994
43.0,2.1212368056178095,2.116687017659002,0.6377928022989334,0.6192010650400218,1.4548838502296333,1.1195463226735591,0.8719172477722168,0.33764299019000343,-0.10755563929677009,2.0179861533641814,2.013371320390013,0.579961911735725,0.49138745799078093,1.4189331627634942,1.1248225688934326,0.8828842639923096,0.30220037792579924,-0.045863008499145506,2.1166870203614234,0.0075822798535227776,0.0,0.04549782460555434,0.01002900212570773,0.0,0.0,0.6185044435708852,6.144883630871773,1.0,0.0,0.0045497824717313055,2.013371295928955,0.007502803113311529,0.0,0.046148493438959125,0.011313939848444154,0.0,0.0,0.6411926129462127,6.363155763149262,1.0,0.0,0.0046148493513464926
44.0,2.173351326584816,2.168787922964586,0.6207438491146919,0.5917738851130665,1.472680523047883,1.1632694298028945,0.988046407699585,0.32133949347145463,-0.11241241097450257,2.3734456396102903,2.368734849413489,0.49921329786711366,0.37425328472998515,1.539069475174363,1.2506562900543212,1.0980215072631836,0.17903753471836692,-0.33117051124572755,2.1687879294157026,0.007513493299484253,0.0,0.04563407100737095,0.009439479210710762,0.0,0.0,0.6112314631699637,6.14002685919404,1.0,0.0,0.004563407103996724,2.368734884262085,0.011568006128072739,0.0,0.04710779726505279,0.012087091318500914,0.0,0.0,0.6533229911735048,6.077848260402679,1.0,0.0,0.0047107797488570215
45.0,1.8085671120882034,1.8040329799027088,0.6814963474655704,0.651454510064287,1.343142948424593,1.0607714802026749,0.8893458843231201,0.4354791803426291,-0.07499753266572952,2.120420050621033,2.1157742601000162,0.6177258830994656,0.5505246135996509,1.4545701289728235,1.1156887555122375,0.8863565921783447,0.2667092929454662,0.06627104997634888,1.8040329885482789,0.007724653463810682,0.0,0.04534121867269278,0.010024053803944263,0.0,0.0,0.6252220992465157,6.1774417375028134,1.0,0.0,0.004534121893811971,2.1157742309570313,0.0056878007017076015,0.0,0.0464583683013916,0.012283947455996312,0.0,0.0,0.6517330614608821,6.475289821624756,1.0,0.0,0.004645836856216192
46.0,1.7148917026817798,1.7103554265053615,0.7135377379410175,0.7098699569450753,1.307805576722076,1.0366847579181195,0.8414905071258545,0.4647929067636507,-0.09579380050301552,1.9665992119908333,1.962007117144352,0.6339531582631753,0.5861029185823998,1.4007166441305507,1.1453995847702025,1.049685001373291,0.3200023209901425,0.35710240840911867,1.7103554397821426,0.00747868325561285,0.0,0.045362544637173416,0.010264695274661449,0.0,0.0,0.6369446128986358,6.156645469665527,1.0,0.0,0.004536254480481148,1.9620071130990981,0.009138744324445724,0.0,0.04592094361782074,0.011993317052943354,0.0,0.0,0.6482351015338031,6.766121180057525,1.0,0.0,0.0045920943655073645
47.0,1.6145432791113854,1.610015904027199,0.7235551622363862,0.7088219642024866,1.2688640210941435,0.9973208306729794,0.7998805046081543,0.4961913069616647,-0.0772903336584568,2.4918779516220093,2.487304803432322,0.6301660391332928,0.539963335682694,1.5771191468726522,1.2405447149276734,1.0985190868377686,0.13794324263931335,-0.7284473896026611,1.6100159105658531,0.007611547596752644,0.0,0.04527366328984499,0.01020296865678545,0.0,0.0,0.6378474640381937,6.1751489365100865,1.0,0.0,0.0045273663219995795,2.487304811477661,0.006420718971639872,0.0,0.045731623619794846,0.013474294691973223,0.0,0.0,0.6638028711333192,5.680571382045746,1.0,0.0,0.004573162328451872
48.0,1.5111586636304855,1.5066411341742512,0.7535124106505519,0.7516220168725397,1.2274531087476421,0.9726411540806293,0.803180456161499,0.5285395015120916,-0.0694262658059597,1.6841576766967774,1.679587203090155,0.6477959545027696,0.5882031727136128,1.2959888900334582,1.0433274292945862,0.9362187385559082,0.4178841708493486,-0.015148427486419678,1.506641135662794,0.007332786452025175,0.0,0.04517525982111693,0.011159675652730405,0.0,0.0,0.6415190462979538,6.183013004362583,1.0,0.0,0.004517525972332805,1.6795872235298157,0.009360137395560741,0.0,0.04570476457476616,0.013614166860629993,0.0,0.0,0.6768146746730895,6.3938703441619875,1.0,0.0,0.004570476468652487
49.0,1.3462727597355844,1.341757965102744,0.7768598757247268,0.769801189365995,1.1583427666726045,0.9039544843137264,0.7346067428588867,0.5801350004796162,-0.08811732366681099,2.5653105330467225,2.560726171395607,0.6223727648643834,0.5446198991278977,1.6002269124707305,1.2912494492530824,1.1280381679534912,0.11249666837946626,0.49717607736587527,1.3417579665780068,0.007496890611946583,0.0,0.04514792388305068,0.011103537806206102,0.0,0.0,0.6466197388577725,6.164321946501732,1.0,0.0,0.004514792407862842,2.5607261753082273,0.009042668156325817,0.0,0.045843687951564786,0.013016431866620803,0.0,0.0,0.6589037984459993,6.906194849014282,1.0,0.0,0.004584368783980608
50.0,1.268831910789013,1.2643110350018723,0.7885989262100266,0.7822028782297352,1.1244158639052868,0.8991774532198906,0.752692461013794,0.6043698148912954,-0.05106156706809997,1.9729179263114929,1.9683143625258606,0.6141370411382735,0.5483703529336352,1.4029662727684726,1.1451744651794433,1.084944248199463,0.31781633900114037,0.09586156368255615,1.2643110324442386,0.007481067907065153,0.0,0.04520876934751868,0.01054260582386827,0.0,0.0,0.6399046727723892,6.201377703100443,1.0,0.0,0.004520876968745142,1.968314299583435,0.00854406412690878,0.0,0.0460362982749939,0.011241280196581011,0.0,0.0,0.6468795560489842,6.504880335330963,1.0,0.0,0.004603629875928164
