pdb_id,true_affinity,predicted_affinity,residual,absolute_error,squared_error,run,abs_error
3psb,8.522878646850586,7.40503454208374,-1.1178441047668457,1.1178441047668457,1.2495754425619907,run_054,1.1178441047668457
2y8l,5.823908805847168,5.645383358001709,-0.17852544784545898,0.1785254478454589,0.0318713355284216,run_054,0.17852544784545898
3at3,8.036211967468262,7.8633198738098145,-0.17289209365844727,0.1728920936584472,0.0298916760496013,run_054,0.17289209365844727
3avz,7.187086582183838,6.249011993408203,-0.9380745887756348,0.9380745887756348,0.8799839341065763,run_054,0.9380745887756348
2y1g,6.15490198135376,5.128099918365479,-1.0268020629882804,1.0268020629882812,1.0543224765569903,run_054,1.0268020629882804
3au6,7.92081880569458,6.0756001472473145,-1.8452186584472656,1.8452186584472656,3.4048318974819267,run_054,1.8452186584472656
3qxm,7.481485843658447,6.418962478637695,-1.062523365020752,1.062523365020752,1.128955901215022,run_054,1.062523365020752
3pj3,5.251811981201172,7.324501037597656,2.0726890563964844,2.0726890563964844,4.296039924505749,run_054,2.0726890563964844
3myq,7.522878646850586,7.642152786254883,0.11927413940429688,0.1192741394042968,0.0142263203306356,run_054,0.11927413940429688
3rmf,4.086185932159424,5.9017181396484375,1.8155322074890137,1.8155322074890137,3.296157196429931,run_054,1.8155322074890137
3rlp,7.07572078704834,6.209022045135498,-0.8666987419128418,0.8666987419128418,0.7511667092333028,run_054,0.8666987419128418
2xln,4.481485843658447,4.943774700164795,0.46228885650634766,0.4622888565063476,0.2137109868499465,run_054,0.46228885650634766
3r5m,4.340083599090576,6.267044544219971,1.9269609451293945,1.9269609451293943,3.7131784840539694,run_054,1.9269609451293945
3rtm,4.415668964385986,7.573385238647461,3.1577162742614746,3.1577162742614746,9.971172068735768,run_054,3.1577162742614746
3r22,7.769551277160644,7.05255937576294,-0.7169919013977033,0.7169919013977051,0.5140773866698964,run_054,0.7169919013977033
2ndo,3.24795150756836,6.3613104820251465,3.1133589744567867,3.113358974456787,9.693004103830615,run_054,3.1133589744567867
2ykj,6.214670181274414,6.724720478057861,0.5100502967834473,0.5100502967834473,0.2601513052488826,run_054,0.5100502967834473
3qk5,7.744727611541748,7.453527450561523,-0.2912001609802246,0.2912001609802246,0.0847975337549087,run_054,0.2912001609802246
2yc0,2.823908805847168,4.782785892486572,1.9588770866394043,1.9588770866394043,3.83719944056088,run_054,1.9588770866394043
3ppq,4.552842140197754,4.036703109741211,-0.516139030456543,0.516139030456543,0.2663994987606202,run_054,0.516139030456543
2m0u,6.43770694732666,4.329532623291016,-2.1081743240356445,2.1081743240356445,4.444398980523147,run_054,2.1081743240356445
2n27,6.552842140197754,6.3379340171813965,-0.21490812301635742,0.2149081230163574,0.0461855013384138,run_054,0.21490812301635742
3q3k,8.130767822265625,7.632595062255859,-0.4981727600097656,0.4981727600097656,0.2481760988157475,run_054,0.4981727600097656
2y6c,5.0,6.542191982269287,1.542191982269287,1.542191982269287,2.378356110175673,run_054,1.542191982269287
3ozj,5.113509178161621,6.368951320648193,1.2554421424865723,1.2554421424865725,1.5761349731312748,run_054,1.2554421424865723
3atu,8.301030158996582,5.316401481628418,-2.984628677368164,2.984628677368164,8.908008341768436,run_054,2.984628677368164
3r4m,5.92081880569458,6.842373847961426,0.9215550422668457,0.9215550422668456,0.8492636959274478,run_054,0.9215550422668457
3r93,6.508638381958008,5.7752461433410645,-0.7333922386169434,0.7333922386169434,0.5378641756635716,run_054,0.7333922386169434
3pbb,7.022276401519775,5.871380805969238,-1.150895595550537,1.150895595550537,1.3245606718576255,run_054,1.150895595550537
3pgu,6.698969841003418,5.476263523101807,-1.2227063179016113,1.222706317901611,1.4950107398365162,run_054,1.2227063179016113
3qx8,2.863279342651367,4.482212066650391,1.6189327239990234,1.6189327239990234,2.620943164834898,run_054,1.6189327239990234
2ylp,4.301030158996582,5.384583950042725,1.0835537910461426,1.0835537910461426,1.1740888180904676,run_054,1.0835537910461426
3oli,7.380906581878662,6.236336708068848,-1.1445698738098145,1.1445698738098145,1.3100401960330146,run_054,1.1445698738098145
2ndg,4.712198257446289,5.226200103759766,0.5140018463134766,0.5140018463134766,0.2641978980136628,run_054,0.5140018463134766
3aya,4.327902317047119,3.587579727172852,-0.7403225898742671,0.7403225898742676,0.548077537078143,run_054,0.7403225898742671
2xpk,11.301030158996582,6.072726726531982,-5.2283034324646,5.2283034324646,27.335156781921118,run_054,5.2283034324646
3oev,8.130767822265625,6.418806552886963,-1.711961269378662,1.711961269378662,2.9308113878526,run_054,1.711961269378662
3n2p,7.823908805847168,7.030267238616943,-0.7936415672302246,0.7936415672302246,0.6298669372356471,run_054,0.7936415672302246
3qai,8.09691047668457,6.888695240020752,-1.2082152366638184,1.2082152366638184,1.4597840581066066,run_054,1.2082152366638184
2lzg,7.77211332321167,6.894877433776856,-0.8772358894348136,0.8772358894348145,0.76954280571249,run_054,0.8772358894348136
3qt7,7.309803962707519,4.992516040802002,-2.3172879219055167,2.3172879219055176,5.369823313009192,run_054,2.3172879219055167
2yi5,7.408935546875,6.546804428100586,-0.8621311187744141,0.8621311187744141,0.7432700659592228,run_054,0.8621311187744141
3p7a,6.28399658203125,7.5103230476379395,1.2263264656066895,1.2263264656066897,1.503876600247395,run_054,1.2263264656066895
3arw,6.15490198135376,5.295548439025879,-0.8593535423278809,0.8593535423278809,0.7384885107114769,run_054,0.8593535423278809
3r0i,6.92081880569458,5.061683177947998,-1.859135627746582,1.859135627746582,3.4563852823566776,run_054,1.859135627746582
3atl,4.764471530914307,3.360520601272583,-1.4039509296417236,1.4039509296417236,1.97107821284186,run_054,1.4039509296417236
2xj2,7.180456161499023,7.243909358978271,0.06345319747924716,0.063453197479248,0.0040263082703404,run_054,0.06345319747924716
3ayd,4.187086582183838,3.866637706756592,-0.3204488754272461,0.3204488754272461,0.1026874817625866,run_054,0.3204488754272461
2xhs,6.004364967346191,5.681044101715088,-0.3233208656311035,0.3233208656311035,0.1045363821524461,run_054,0.3233208656311035
3rv6,4.677780628204346,4.309744358062744,-0.36803627014160156,0.3680362701416015,0.1354506961397419,run_054,0.36803627014160156
3arf,7.193819999694824,6.24958086013794,-0.9442391395568839,0.9442391395568848,0.8915875526711261,run_054,0.9442391395568839
3qi3,3.7846269607543945,6.99702262878418,3.212395668029785,3.212395668029785,10.31948592797653,run_054,3.212395668029785
2ya7,3.142667531967163,4.719121932983398,1.5764544010162354,1.5764544010162354,2.4852084784834574,run_054,1.5764544010162354
2xzc,5.638272285461426,6.572237491607666,0.9339652061462402,0.9339652061462402,0.872291006291789,run_054,0.9339652061462402
3rqg,4.638272285461426,4.278024196624756,-0.3602480888366699,0.3602480888366699,0.1297786855104732,run_054,0.3602480888366699
3arr,5.397940158843994,4.978568077087402,-0.4193720817565918,0.4193720817565918,0.1758729429568575,run_054,0.4193720817565918
3rul,6.853871822357178,3.702098608016968,-3.1517732143402095,3.15177321434021,9.93367439463242,run_054,3.1517732143402095
3q2a,5.301030158996582,4.79445219039917,-0.5065779685974121,0.5065779685974121,0.2566212382682806,run_054,0.5065779685974121
2y07,6.221848964691162,5.607248783111572,-0.6146001815795898,0.6146001815795898,0.3777333831976648,run_054,0.6146001815795898
3qt6,5.3665313720703125,4.606326580047607,-0.7602047920227051,0.7602047920227051,0.5779113258142843,run_054,0.7602047920227051
3qg6,9.136676788330078,6.1200337409973145,-3.0166430473327637,3.016643047332764,9.100135275021104,run_054,3.0166430473327637
2l8j,5.522878646850586,4.937860488891602,-0.5850181579589844,0.5850181579589844,0.3422462451417232,run_054,0.5850181579589844
3r6c,4.721246242523193,5.784326076507568,1.063079833984375,1.063079833984375,1.1301387334242463,run_054,1.063079833984375
3qti,7.853871822357178,6.639647960662842,-1.214223861694336,1.214223861694336,1.4743395863079058,run_054,1.214223861694336
2yj9,7.022276401519775,6.98716402053833,-0.03511238098144531,0.0351123809814453,0.0012328792981861,run_054,0.03511238098144531
3p3r,7.251424312591553,5.048660755157471,-2.202763557434082,2.202763557434082,4.852167289959652,run_054,2.202763557434082
3muz,3.4559319019317627,5.168554782867432,1.712622880935669,1.712622880935669,2.9330771323043905,run_054,1.712622880935669
2yaz,5.136677265167236,4.43915605545044,-0.697521209716796,0.6975212097167969,0.4865358380047837,run_054,0.697521209716796
3m94,5.07572078704834,4.60678243637085,-0.46893835067749023,0.4689383506774902,0.2199031767361248,run_054,0.46893835067749023
3rup,1.568636178970337,3.5638303756713867,1.9951941967010498,1.9951941967010496,3.9807998825495474,run_054,1.9951941967010498
3q2m,3.798602819442749,4.572813510894775,0.7742106914520264,0.7742106914520264,0.5994021947586248,run_054,0.7742106914520264
3pn4,6.853871822357178,7.122526168823242,0.26865434646606445,0.2686543464660644,0.0721751578751082,run_054,0.26865434646606445
3q6s,6.744727611541748,6.846179008483887,0.10145139694213867,0.1014513969421386,0.0102923859415113,run_054,0.10145139694213867
2y7i,5.537601947784424,5.248504161834717,-0.28909778594970703,0.289097785949707,0.0835775298410226,run_054,0.28909778594970703
3orn,9.619789123535156,7.734923362731934,-1.8848657608032227,1.8848657608032229,3.552718936248312,run_054,1.8848657608032227
2loz,4.062983989715576,5.339945316314697,1.276961326599121,1.276961326599121,1.6306302296297872,run_054,1.276961326599121
3p78,6.958607196807861,5.954885005950928,-1.0037221908569336,1.0037221908569336,1.0074582364186426,run_054,1.0037221908569336
3o4l,5.091515064239502,5.167405605316162,0.07589054107666016,0.0758905410766601,0.0057593742249082,run_054,0.07589054107666016
2ycm,3.5622494220733643,6.342588424682617,2.780339002609253,2.780339002609253,7.730284969430215,run_054,2.780339002609253
2yak,8.698969841003418,6.963902950286865,-1.7350668907165527,1.7350668907165527,3.010457115260806,run_054,1.7350668907165527
2xiy,2.443697452545166,6.877463340759277,4.433765888214111,4.433765888214111,19.658279951491068,run_054,4.433765888214111
2lsp,3.5622494220733643,6.335758209228516,2.7735087871551514,2.773508787155152,7.692350992426839,run_054,2.7735087871551514
2lsv,5.266802787780762,4.5963664054870605,-0.6704363822937012,0.6704363822937012,0.4494849427030658,run_054,0.6704363822937012
3mbz,5.79587984085083,5.671497821807861,-0.12438201904296875,0.1243820190429687,0.0154708866612054,run_054,0.12438201904296875
3p3s,7.585026741027832,5.7069621086120605,-1.8780646324157715,1.8780646324157717,3.527126763530987,run_054,1.8780646324157715
2x6y,4.585026741027832,4.330677509307861,-0.2543492317199707,0.2543492317199707,0.0646935316765393,run_054,0.2543492317199707
3oj8,8.356547355651855,6.906391620635986,-1.4501557350158691,1.4501557350158691,2.102951655799416,run_054,1.4501557350158691
3rbq,6.267606258392334,4.925304412841797,-1.342301845550537,1.342301845550537,1.801774244568378,run_054,1.342301845550537
3qch,5.481485843658447,6.203786373138428,0.7223005294799805,0.7223005294799805,0.5217180548870601,run_054,0.7223005294799805
3pvw,7.267606258392334,7.849550724029541,0.581944465637207,0.581944465637207,0.3386593610857744,run_054,0.581944465637207
2xm1,5.070580959320068,5.243553638458252,0.1729726791381836,0.1729726791381836,0.029919547728241,run_054,0.1729726791381836
3qc4,8.698969841003418,6.549211025238037,-2.149758815765381,2.149758815765381,4.621462965960973,run_054,2.149758815765381
2xx2,7.301030158996582,7.17129373550415,-0.12973642349243164,0.1297364234924316,0.0168315395806075,run_054,0.12973642349243164
2ybk,4.619788646697998,4.743911743164063,0.12412309646606534,0.1241230964660644,0.0154065430763239,run_054,0.12412309646606534
2ydv,7.86012077331543,6.050532817840576,-1.8095879554748535,1.8095879554748533,3.2746085685996604,run_054,1.8095879554748535
2yix,8.481486320495605,7.087814331054688,-1.393671989440917,1.393671989440918,1.9423216141522064,run_054,1.393671989440917
3qci,5.4202165603637695,6.577473163604736,1.1572566032409668,1.1572566032409668,1.3392428457448204,run_054,1.1572566032409668
2lnw,5.853871822357178,4.9424028396606445,-0.9114689826965332,0.9114689826965332,0.8307757064178531,run_054,0.9114689826965332
2xno,5.9281182289123535,6.08549690246582,0.1573786735534668,0.1573786735534668,0.0247680468894486,run_054,0.1573786735534668
3pju,4.882728576660156,5.242149353027344,0.3594207763671875,0.3594207763671875,0.1291832944843918,run_054,0.3594207763671875
3que,8.823908805847168,7.566236972808838,-1.25767183303833,1.25767183303833,1.5817384396179932,run_055,1.25767183303833
3q92,7.92081880569458,6.570006847381592,-1.3508119583129883,1.3508119583129885,1.8246929467213704,run_055,1.3508119583129883
2y56,6.508638381958008,7.260497570037842,0.751859188079834,0.751859188079834,0.5652922387000672,run_055,0.751859188079834
3plu,5.77211332321167,6.511477470397949,0.7393641471862793,0.7393641471862793,0.5466593421444941,run_055,0.7393641471862793
3qem,7.221848964691162,7.143503189086914,-0.07834577560424805,0.078345775604248,0.0061380605550311,run_055,0.07834577560424805
3r0i,6.92081880569458,6.452450752258301,-0.4683680534362793,0.4683680534362793,0.2193686334796893,run_055,0.4683680534362793
2lsv,5.266802787780762,5.161871433258057,-0.10493135452270508,0.104931354522705,0.0110105891619696,run_055,0.10493135452270508
3o75,6.679853916168213,5.323691368103027,-1.3561625480651855,1.3561625480651855,1.8391768567746567,run_055,1.3561625480651855
3axm,5.070580959320068,4.818016052246094,-0.2525649070739746,0.2525649070739746,0.0637890322852854,run_055,0.2525649070739746
3m94,5.07572078704834,5.267269611358643,0.19154882431030273,0.1915488243103027,0.0366909520946592,run_055,0.19154882431030273
3ps1,10.173925399780272,6.9798359870910645,-3.194089412689207,3.194089412689209,10.202207176253296,run_055,3.194089412689207
3o9h,12.09691047668457,8.69982624053955,-3.3970842361450195,3.3970842361450195,11.54018130746499,run_055,3.3970842361450195
3ntp,4.92081880569458,6.260724067687988,1.3399052619934082,1.3399052619934082,1.795346111117624,run_055,1.3399052619934082
3qxh,5.236571788787842,5.368630886077881,0.13205909729003906,0.132059097290039,0.01743960517706,run_055,0.13205909729003906
3ral,7.0,6.030523300170898,-0.9694766998291016,0.9694766998291016,0.939885071511526,run_055,0.9694766998291016
3p50,4.619788646697998,7.511812686920166,2.892024040222168,2.892024040222168,8.363803049222952,run_055,2.892024040222168
3prs,7.823908805847168,8.141095161437988,0.3171863555908203,0.3171863555908203,0.1006071841729863,run_055,0.3171863555908203
3qri,9.09691047668457,7.043449878692627,-2.0534605979919434,2.053460597991944,4.21670042750543,run_055,2.0534605979919434
3pjt,4.882728576660156,5.586048603057861,0.7033200263977051,0.7033200263977051,0.4946590595320685,run_055,0.7033200263977051
3ogq,7.522878646850586,8.336316108703613,0.8134374618530273,0.8134374618530273,0.6616805043458953,run_055,0.8134374618530273
3pxf,4.431798458099365,5.396240711212158,0.964442253112793,0.964442253112793,0.9301488595892806,run_055,0.964442253112793
3mqf,5.2441253662109375,5.00998592376709,-0.23413944244384766,0.2341394424438476,0.0548212785079158,run_055,0.23413944244384766
3o99,10.823908805847168,8.507455825805664,-2.316452980041504,2.316452980041504,5.365954408743164,run_055,2.316452980041504
3pm1,5.9281182289123535,5.806477546691895,-0.1216406822204581,0.1216406822204589,0.0147964555710586,run_055,0.1216406822204581
3rkz,7.08092212677002,7.669662952423096,0.5887408256530753,0.5887408256530762,0.3466157597906658,run_055,0.5887408256530753
3rbu,9.431797981262209,5.637089729309082,-3.7947082519531268,3.794708251953125,14.399810717441142,run_055,3.7947082519531268
3iaw,5.804100513458252,7.356500148773193,1.5523996353149414,1.5523996353149414,2.409944627725963,run_055,1.5523996353149414
2lcs,6.698969841003418,6.5303826332092285,-0.16858720779418945,0.1685872077941894,0.0284216466318412,run_055,0.16858720779418945
2ypp,4.408935546875,6.364645481109619,1.9557099342346191,1.9557099342346191,3.8248013468639774,run_055,1.9557099342346191
3qti,7.853871822357178,6.271386623382568,-1.5824851989746094,1.5824851989746094,2.504259404973709,run_055,1.5824851989746094
3otx,4.531652450561523,5.926516056060791,1.3948636054992676,1.3948636054992676,1.9456444779464164,run_055,1.3948636054992676
3oay,1.6989699602127075,4.825432300567627,3.1264623403549194,3.1264623403549194,9.77476676565756,run_055,3.1264623403549194
3pju,4.882728576660156,5.59979248046875,0.7170639038085938,0.7170639038085938,0.5141806421452202,run_055,0.7170639038085938
3p8o,8.723538398742676,7.322464942932129,-1.4010734558105469,1.4010734558105469,1.9630068285769084,run_055,1.4010734558105469
3qup,6.32239294052124,6.996997356414795,0.6746044158935547,0.6746044158935547,0.4550911179430841,run_055,0.6746044158935547
2y82,8.397939682006836,7.687905311584473,-0.7100343704223633,0.7100343704223633,0.5041488071810818,run_055,0.7100343704223633
3np9,4.400116920471191,6.153499126434326,1.7533822059631348,1.7533822059631348,3.0743491601881487,run_055,1.7533822059631348
3qs5,4.707744121551514,6.715891361236572,2.0081472396850586,2.0081472396850586,4.03265533625472,run_055,2.0081472396850586
3o9i,11.823908805847168,8.62840747833252,-3.1955013275146484,3.1955013275146484,10.21122873414788,run_055,3.1955013275146484
3arv,5.638272285461426,5.17306661605835,-0.46520566940307617,0.4652056694030761,0.2164163148447642,run_055,0.46520566940307617
2yne,8.568635940551758,6.836673259735107,-1.7319626808166504,1.7319626808166504,2.9996947277415984,run_055,1.7319626808166504
3rw9,5.958607196807861,6.255622863769531,0.2970156669616699,0.2970156669616699,0.0882183064206856,run_055,0.2970156669616699
2lty,5.376750946044922,5.754940986633301,0.3781900405883789,0.3781900405883789,0.1430277068002396,run_055,0.3781900405883789
3qxv,8.397939682006836,6.162684440612793,-2.235255241394043,2.235255241394043,4.996365994179541,run_055,2.235255241394043
3n7h,4.50445556640625,7.380382061004639,2.8759264945983887,2.8759264945983887,8.270953202332976,run_055,2.8759264945983887
2yi7,8.318758964538574,7.991950511932373,-0.32680845260620117,0.3268084526062011,0.1068037646948596,run_055,0.32680845260620117
3nf9,3.537601947784424,5.362897396087647,1.8252954483032235,1.8252954483032229,3.3317034735964626,run_055,1.8252954483032235
3oy1,7.79587984085083,7.651843547821045,-0.14403629302978516,0.1440362930297851,0.0207464537097621,run_055,0.14403629302978516
3mmf,7.431798458099365,6.883524894714356,-0.5482735633850089,0.5482735633850098,0.3006039003068963,run_055,0.5482735633850089
3rj7,7.596879482269287,6.746812343597412,-0.850067138671875,0.850067138671875,0.7226141402497888,run_055,0.850067138671875
2yln,7.677780628204346,5.931207180023193,-1.7465734481811523,1.7465734481811523,3.0505188098914005,run_055,1.7465734481811523
2ll6,10.0,5.994283676147461,-4.005716323852539,4.005716323852539,16.0457632671787,run_055,4.005716323852539
3rhx,6.07572078704834,6.465325832366943,0.3896050453186035,0.3896050453186035,0.1517920913377111,run_055,0.3896050453186035
3qpp,7.92081880569458,7.472801208496094,-0.44801759719848633,0.4480175971984863,0.2007197673995051,run_055,0.44801759719848633
2xrw,5.148741722106934,6.784371852874756,1.6356301307678223,1.6356301307678225,2.675285924675564,run_055,1.6356301307678223
2xxn,6.408935546875,5.580751419067383,-0.8281841278076172,0.8281841278076172,0.6858889495524636,run_055,0.8281841278076172
3prz,7.585026741027832,7.306506633758545,-0.2785201072692871,0.2785201072692871,0.0775734501532952,run_055,0.2785201072692871
2xhs,6.004364967346191,5.805450439453125,-0.1989145278930664,0.1989145278930664,0.0395669894069214,run_055,0.1989145278930664
2lzg,7.77211332321167,7.325601100921631,-0.44651222229003906,0.446512222290039,0.1993731646543892,run_055,0.44651222229003906
3rt4,8.795880317687988,4.942868709564209,-3.8530116081237793,3.8530116081237793,14.845698452336592,run_055,3.8530116081237793
2xm1,5.070580959320068,5.095849514007568,0.0252685546875,0.0252685546875,0.0006384998559951,run_055,0.0252685546875
3muz,3.4559319019317627,6.456570625305176,3.000638723373413,3.000638723373413,9.003832748208026,run_055,3.000638723373413
3qaq,7.0,7.587954044342041,0.587954044342041,0.587954044342041,0.3456899582581627,run_055,0.587954044342041
2yq6,7.346787452697754,5.980062961578369,-1.3667244911193848,1.3667244911193848,1.8679358346255408,run_055,1.3667244911193848
2l8j,5.522878646850586,5.203390598297119,-0.3194880485534668,0.3194880485534668,0.1020726131685023,run_055,0.3194880485534668
2n27,6.552842140197754,7.088479518890381,0.535637378692627,0.535637378692627,0.2869074014527086,run_055,0.535637378692627
3ay9,8.341988563537598,5.270695686340332,-3.0712928771972656,3.0712928771972656,9.432839937522658,run_055,3.0712928771972656
3p55,7.096909999847412,6.867709636688232,-0.2292003631591797,0.2292003631591797,0.0525328064722998,run_055,0.2292003631591797
3r88,4.823908805847168,5.19442081451416,0.3705120086669922,0.3705120086669922,0.1372791485664493,run_055,0.3705120086669922
3rwc,8.119186401367188,5.8036956787109375,-2.31549072265625,2.31549072265625,5.361497286707163,run_055,2.31549072265625
3qkd,8.376750946044922,6.664708614349365,-1.7120423316955566,1.7120423316955566,2.9310889455175584,run_055,1.7120423316955566
3mrv,3.744727611541748,4.82168436050415,1.0769567489624023,1.0769567489624023,1.159835839135667,run_055,1.0769567489624023
3rhk,6.261219501495361,6.582616806030273,0.3213973045349121,0.3213973045349121,0.103296227362307,run_055,0.3213973045349121
2l65,4.221848964691162,6.1145219802856445,1.8926730155944824,1.8926730155944824,3.582211143959512,run_055,1.8926730155944824
2y1n,4.7695512771606445,5.4600372314453125,0.690485954284668,0.690485954284668,0.4767708530644086,run_055,0.690485954284668
2ydw,7.337242126464844,6.583744049072266,-0.7534980773925781,0.7534980773925781,0.5677593526343117,run_055,0.7534980773925781
3q2m,3.798602819442749,5.656814098358154,1.8582112789154053,1.8582112789154053,3.452949157088426,run_055,1.8582112789154053
3arb,6.630784034729004,6.671258926391602,0.040474891662597656,0.0404748916625976,0.001638216855099,run_055,0.040474891662597656
3orn,9.619789123535156,7.6569905281066895,-1.9627985954284668,1.9627985954284668,3.852578326215962,run_055,1.9627985954284668
3arg,7.259637355804443,6.508199214935303,-0.7514381408691406,0.7514381408691406,0.5646592795528704,run_055,0.7514381408691406
2xv1,5.987162590026856,4.478338718414307,-1.5088238716125497,1.5088238716125488,2.276549475547881,run_055,1.5088238716125497
2y07,6.221848964691162,5.896625518798828,-0.325223445892334,0.325223445892334,0.1057702897580838,run_055,0.325223445892334
3rwe,7.366531372070312,5.639969825744629,-1.7265615463256827,1.7265615463256836,2.981014773250536,run_055,1.7265615463256827
3r17,6.408935546875,6.906612873077393,0.4976773262023926,0.4976773262023926,0.2476827210159626,run_055,0.4976773262023926
3arr,5.397940158843994,5.479791641235352,0.08185148239135742,0.0818514823913574,0.0066996651696626,run_055,0.08185148239135742
3aqt,6.721246242523193,4.786956310272217,-1.9342899322509766,1.9342899322509768,3.741477542007488,run_055,1.9342899322509766
3os3,6.628931999206543,7.308308124542236,0.6793761253356934,0.6793761253356934,0.4615519196761397,run_055,0.6793761253356934
3oev,8.130767822265625,6.674490451812744,-1.4562773704528809,1.4562773704528809,2.120743779693157,run_055,1.4562773704528809
3ayc,4.2441253662109375,4.428639888763428,0.18451452255249023,0.1845145225524902,0.0340456090327734,run_055,0.18451452255249023
2lwi,3.1118204593658447,4.66589879989624,1.5540783405303955,1.5540783405303955,2.415159488505708,run_055,1.5540783405303955
3r7n,6.148741722106934,5.656673908233643,-0.492067813873291,0.492067813873291,0.2421307334500397,run_055,0.492067813873291
3re4,7.397940158843994,6.022571086883545,-1.3753690719604492,1.3753690719604492,1.8916400841053476,run_055,1.3753690719604492
3qyy,5.083019733428955,6.103137493133545,1.0201177597045898,1.0201177597045898,1.0406402436647113,run_055,1.0201177597045898
2xn6,8.795880317687988,5.809473991394043,-2.9864063262939453,2.9864063262939453,8.918622745728499,run_055,2.9864063262939453
2yig,7.100179672241211,7.158661365509033,0.058481693267822266,0.0584816932678222,0.0034201084474716,run_055,0.058481693267822266
3ll8,6.397940158843994,5.51049280166626,-0.8874473571777344,0.8874473571777344,0.7875628117617453,run_055,0.8874473571777344
3qiz,5.214670181274414,7.053918361663818,1.8392481803894043,1.8392481803894043,3.3828338690657347,run_055,1.8392481803894043
2x6y,4.585026741027832,5.54552173614502,0.9604949951171884,0.9604949951171876,0.922550635645166,run_055,0.9604949951171884
2yiq,7.897223472595215,7.117088794708252,-0.7801346778869629,0.7801346778869629,0.6086101156417953,run_055,0.7801346778869629
2mg5,6.15490198135376,6.609883785247803,0.45498180389404297,0.4549818038940429,0.2070084418746773,run_055,0.45498180389404297
3qxh,5.236571788787842,4.582126617431641,-0.6544451713562012,0.6544451713562012,0.4282984823114475,run_056,0.6544451713562012
3oob,4.665546417236328,5.16700553894043,0.5014591217041016,0.5014591217041016,0.2514612507402489,run_056,0.5014591217041016
2xpc,3.903090000152588,5.512884616851807,1.6097946166992188,1.6097946166992188,2.5914387079537846,run_056,1.6097946166992188
2y2p,4.698969841003418,5.747570037841797,1.048600196838379,1.048600196838379,1.099562372809487,run_056,1.048600196838379
3ri1,5.301030158996582,7.562270641326904,2.2612404823303223,2.2612404823303223,5.1132085189294685,run_056,2.2612404823303223
2y5k,6.6575775146484375,7.627616882324219,0.9700393676757812,0.9700393676757812,0.9409763748408296,run_056,0.9700393676757812
2ynn,5.1674909591674805,5.3712921142578125,0.20380115509033203,0.203801155090332,0.0415349108161535,run_056,0.20380115509033203
3ama,6.527243614196777,6.074859619140625,-0.45238399505615234,0.4523839950561523,0.2046512789829648,run_056,0.45238399505615234
3orn,9.619789123535156,8.550758361816406,-1.06903076171875,1.06903076171875,1.1428267695009708,run_056,1.06903076171875
3r9d,4.148741722106934,5.905466556549072,1.7567248344421387,1.756724834442139,3.0860821439457595,run_056,1.7567248344421387
3hau,6.376750946044922,7.231363296508789,0.8546123504638672,0.8546123504638672,0.7303622695653758,run_056,0.8546123504638672
3oev,8.130767822265625,7.768653869628906,-0.36211395263671875,0.3621139526367187,0.1311265146941878,run_056,0.36211395263671875
2mwy,6.823908805847168,4.960314750671387,-1.8635940551757812,1.8635940551757808,3.472982802486513,run_056,1.8635940551757812
3qcq,6.801342964172363,7.405210018157959,0.6038670539855957,0.6038670539855957,0.3646554188892423,run_056,0.6038670539855957
3njq,4.886056423187256,7.391304969787598,2.505248546600342,2.505248546600342,6.276270280243125,run_056,2.505248546600342
3rlr,7.522878646850586,6.920248985290527,-0.6026296615600586,0.6026296615600586,0.3631625089919907,run_056,0.6026296615600586
2y4s,6.15490198135376,4.6156744956970215,-1.5392274856567383,1.5392274856567385,2.3692212526011645,run_056,1.5392274856567383
3ay0,3.0409586429595947,4.073862552642822,1.0329039096832275,1.0329039096832275,1.066890486638897,run_056,1.0329039096832275
2x85,3.8894102573394775,6.099959850311279,2.2105495929718018,2.2105495929718018,4.886529502987798,run_056,2.2105495929718018
3aza,5.130768299102783,5.599667072296143,0.4688987731933594,0.4688987731933594,0.2198660595022374,run_056,0.4688987731933594
3osw,6.15490198135376,6.406242847442627,0.2513408660888672,0.2513408660888672,0.0631722309663018,run_056,0.2513408660888672
3ppo,5.301030158996582,6.616327285766602,1.3152971267700195,1.3152971267700195,1.7300065316894688,run_056,1.3152971267700195
2yak,8.698969841003418,8.243739128112793,-0.455230712890625,0.455230712890625,0.2072350019589066,run_056,0.455230712890625
2yga,4.610834121704102,5.711825847625732,1.1009917259216309,1.1009917259216309,1.2121827805478915,run_056,1.1009917259216309
3ms4,3.2804200649261475,4.434667110443115,1.1542470455169678,1.1542470455169678,1.332286242084649,run_056,1.1542470455169678
2lbv,7.585026741027832,4.758323192596436,-2.8267035484313956,2.8267035484313965,7.990252950714648,run_056,2.8267035484313956
2y2i,4.585026741027832,4.773748874664307,0.1887221336364746,0.1887221336364746,0.0356160437243033,run_056,0.1887221336364746
3mw1,9.086186408996582,7.485099792480469,-1.6010866165161133,1.6010866165161133,2.563478353587016,run_056,1.6010866165161133
3old,5.90139102935791,7.819243907928467,1.9178528785705566,1.9178528785705569,3.6781596638413694,run_056,1.9178528785705566
2xiz,3.886056661605835,5.621124744415283,1.7350680828094482,1.7350680828094482,3.0104612519840543,run_056,1.7350680828094482
3nzx,5.1674909591674805,7.221068382263184,2.053577423095703,2.053577423095703,4.2171802326483885,run_056,2.053577423095703
3py1,6.886056423187256,6.096750259399414,-0.7893061637878418,0.7893061637878418,0.6230042201934793,run_056,0.7893061637878418
3qkk,6.522878646850586,7.746618747711182,1.2237401008605957,1.2237401008605957,1.497539834454301,run_056,1.2237401008605957
3r5t,8.576754570007324,7.716193675994873,-0.8605608940124512,0.8605608940124512,0.7405650523035092,run_056,0.8605608940124512
2yix,8.481486320495605,7.97772741317749,-0.5037589073181152,0.5037589073181152,0.2537730367023414,run_056,0.5037589073181152
3ppq,4.552842140197754,4.579588890075684,0.026746749877929688,0.0267467498779296,0.0007153886290325,run_056,0.026746749877929688
3rk5,5.397940158843994,5.504878520965576,0.10693836212158203,0.106938362121582,0.0114358132932466,run_056,0.10693836212158203
3oku,6.356547355651856,7.484685897827148,1.128138542175292,1.128138542175293,1.2726965703413953,run_056,1.128138542175292
2nd0,3.197226285934448,4.685220241546631,1.487993955612183,1.4879939556121826,2.21412601193839,run_056,1.487993955612183
3oaf,8.795880317687988,6.626837253570557,-2.1690430641174316,2.169043064117432,4.704747813995937,run_056,2.1690430641174316
3rqf,4.408935546875,4.654441833496094,0.24550628662109375,0.2455062866210937,0.0602733367704786,run_056,0.24550628662109375
2xy9,9.187087059020996,6.910551071166992,-2.276535987854004,2.276535987854004,5.182616103994405,run_056,2.276535987854004
3p9h,5.06048059463501,5.146883010864258,0.08640241622924805,0.086402416229248,0.0074653775302522,run_056,0.08640241622924805
3as0,4.552842140197754,3.842503786087036,-0.7103383541107178,0.7103383541107178,0.5045805773207235,run_056,0.7103383541107178
2ltv,5.161150932312012,5.785787582397461,0.6246366500854492,0.6246366500854492,0.3901709446299719,run_056,0.6246366500854492
3qs8,4.744727611541748,4.394765377044678,-0.3499622344970703,0.3499622344970703,0.1224735655741824,run_056,0.3499622344970703
3p3g,9.74472713470459,7.94297981262207,-1.8017473220825195,1.8017473220825195,3.2462934126315304,run_056,1.8017473220825195
3m3z,5.732828140258789,5.46493673324585,-0.26789140701293945,0.2678914070129394,0.0717658059513723,run_056,0.26789140701293945
3qvu,3.548213481903076,5.19831132888794,1.6500978469848642,1.6500978469848633,2.7228229046240813,run_056,1.6500978469848642
3qtq,5.508638381958008,6.567066192626953,1.0584278106689453,1.058427810668945,1.1202694303974567,run_056,1.0584278106689453
3qtu,7.15490198135376,5.675528526306152,-1.4793734550476074,1.4793734550476074,2.188545819499496,run_056,1.4793734550476074
2xqq,4.8181562423706055,5.005880832672119,0.18772459030151367,0.1877245903015136,0.0352405218038711,run_056,0.18772459030151367
3o1e,5.744727611541748,5.409661769866943,-0.3350658416748047,0.3350658416748047,0.1122691182572452,run_056,0.3350658416748047
2yoj,8.301030158996582,5.873425960540772,-2.4276041984558097,2.4276041984558105,5.893262144360278,run_056,2.4276041984558097
2y8l,5.823908805847168,5.8721795082092285,0.04827070236206055,0.0482707023620605,0.0023300607065266,run_056,0.04827070236206055
3r6g,7.602059841156006,6.485662937164307,-1.1163969039916992,1.1163969039916992,1.2463420472422513,run_056,1.1163969039916992
3prs,7.823908805847168,7.929832458496094,0.10592365264892578,0.1059236526489257,0.0112198201904902,run_056,0.10592365264892578
3pix,7.0,7.171284198760986,0.17128419876098633,0.1712841987609863,0.029338276745193,run_056,0.17128419876098633
2xn5,6.688246250152588,4.997461318969727,-1.6907849311828613,1.690784931182861,2.858753683515033,run_056,1.6907849311828613
2yim,3.92081880569458,7.236992359161377,3.316173553466797,3.316173553466797,10.997007036712604,run_056,3.316173553466797
3p23,4.4202165603637695,6.633090019226074,2.2128734588623047,2.2128734588623047,4.89680894493722,run_056,2.2128734588623047
2yke,5.958607196807861,6.245028495788574,0.2864212989807129,0.2864212989807129,0.0820371605097989,run_056,0.2864212989807129
3arp,7.15490198135376,5.346719264984131,-1.808182716369629,1.808182716369629,3.26952473577785,run_056,1.808182716369629
3ozg,9.187087059020996,7.4012579917907715,-1.7858290672302246,1.7858290672302246,3.189185457364374,run_056,1.7858290672302246
3pkd,6.119186401367188,6.365819454193115,0.24663305282592685,0.2466330528259277,0.0608278627462368,run_056,0.24663305282592685
3qxt,5.221848964691162,6.850391864776611,1.6285429000854492,1.6285429000854492,2.652151977418725,run_056,1.6285429000854492
2l65,4.221848964691162,5.049273014068604,0.8274240493774423,0.8274240493774414,0.6846305574881626,run_056,0.8274240493774423
3rup,1.568636178970337,4.976487636566162,3.407851457595825,3.407851457595825,11.61345155703799,run_056,3.407851457595825
3rni,5.173925399780273,6.157342433929443,0.9834170341491699,0.98341703414917,0.9671090630547496,run_056,0.9834170341491699
3qcf,5.602059841156006,6.502050876617432,0.8999910354614258,0.8999910354614258,0.8099838639109294,run_056,0.8999910354614258
3r2a,6.12493896484375,4.55687427520752,-1.5680646896362296,1.5680646896362305,2.458826870883968,run_056,1.5680646896362296
2xm8,6.79587984085083,9.47946548461914,2.6835856437683105,2.6835856437683105,7.201631907439378,run_056,2.6835856437683105
3arb,6.630784034729004,6.985659122467041,0.3548750877380371,0.3548750877380371,0.1259363278970795,run_056,0.3548750877380371
3rah,7.92081880569458,7.1066508293151855,-0.8141679763793945,0.8141679763793945,0.6628694937617183,run_056,0.8141679763793945
2ndf,4.225482940673828,5.259937763214111,1.0344548225402832,1.0344548225402832,1.0700967798768488,run_056,1.0344548225402832
3pz1,6.140261650085449,5.969942569732666,-0.1703190803527832,0.1703190803527832,0.0290085891322178,run_056,0.1703190803527832
2xo8,4.3260579109191895,4.385121822357178,0.05906391143798828,0.0590639114379882,0.0034885456343545,run_056,0.05906391143798828
3rm8,6.15490198135376,7.136322975158691,0.9814209938049316,0.9814209938049316,0.9631871670810596,run_056,0.9814209938049316
2xp8,4.823908805847168,5.739684581756592,0.9157757759094238,0.9157757759094238,0.8386452717425072,run_056,0.9157757759094238
3r7q,6.966576099395752,7.60387659072876,0.6373004913330078,0.6373004913330078,0.4061519162532931,run_056,0.6373004913330078
2yki,9.455931663513184,5.989516735076904,-3.4664149284362793,3.4664149284362797,12.016032456085895,run_056,3.4664149284362793
3p76,8.677781105041504,6.657209396362305,-2.020571708679199,2.020571708679199,4.082710029914779,run_056,2.020571708679199
3b24,4.376750946044922,6.8845696449279785,2.5078186988830566,2.5078186988830566,6.289154626467507,run_056,2.5078186988830566
3okv,6.229147911071777,7.91558027267456,1.6864323616027823,1.6864323616027832,2.8440541102611405,run_056,1.6864323616027823
3pdq,6.744727611541748,4.617002487182617,-2.127725124359131,2.127725124359131,4.527214204829079,run_056,2.127725124359131
3ps1,10.173925399780272,7.166423320770264,-3.007502079010008,3.0075020790100098,9.045068755249533,run_056,3.007502079010008
3rjc,5.2441253662109375,5.865506649017334,0.6213812828063965,0.6213812828063965,0.3861146986221229,run_056,0.6213812828063965
3rwc,8.119186401367188,6.568471431732178,-1.5507149696350098,1.5507149696350098,2.4047169170501093,run_056,1.5507149696350098
3rl7,4.739928722381592,6.887059688568115,2.1471309661865234,2.1471309661865234,4.610171385957074,run_056,2.1471309661865234
2ly0,4.79587984085083,6.5585479736328125,1.7626681327819824,1.7626681327819824,3.1069989463251204,run_056,1.7626681327819824
3qdd,8.769551277160645,7.740092754364014,-1.0294585227966309,1.0294585227966309,1.0597848501586211,run_056,1.0294585227966309
3ogp,7.443697452545166,9.363114356994627,1.9194169044494611,1.919416904449463,3.684161253086359,run_056,1.9194169044494611
3arf,7.193819999694824,7.093846797943115,-0.09997320175170898,0.0999732017517089,0.0099946410684879,run_056,0.09997320175170898
3qxc,5.7695512771606445,4.928417682647705,-0.8411335945129395,0.8411335945129395,0.707505723818258,run_056,0.8411335945129395
2yis,8.769551277160645,6.718724727630615,-2.0508265495300293,2.0508265495300293,4.205889536257246,run_056,2.0508265495300293
3oys,8.045757293701172,7.401471138000488,-0.6442861557006836,0.6442861557006836,0.4151046504275655,run_056,0.6442861557006836
3avf,3.53017807006836,4.25726842880249,0.7270903587341304,0.7270903587341309,0.5286603897641271,run_056,0.7270903587341304
3rwd,8.004364967346191,6.8404459953308105,-1.1639189720153809,1.1639189720153809,1.354707373417341,run_056,1.1639189720153809
3mtb,4.634511947631836,3.980225086212158,-0.6542868614196777,0.6542868614196777,0.4280912970264126,run_056,0.6542868614196777
2yc3,6.853871822357178,6.420633792877197,-0.43323802947998047,0.4332380294799804,0.1876951901876964,run_056,0.43323802947998047
2ycf,10.522878646850586,7.912164688110352,-2.6107139587402344,2.6107139587402344,6.815827374361106,run_057,2.6107139587402344
3qlm,6.365522861480713,6.056146144866943,-0.30937671661376953,0.3093767166137695,0.0957139527827166,run_057,0.30937671661376953
3p7i,7.701147079467773,3.2792155742645264,-4.421931505203247,4.421931505203247,19.55347823670905,run_057,4.421931505203247
3ro0,4.496345520019531,6.476048946380615,1.979703426361084,1.979703426361084,3.919225656345816,run_057,1.979703426361084
3r16,7.301030158996582,7.537647724151611,0.2366175651550293,0.2366175651550293,0.0559878721398945,run_057,0.2366175651550293
3aqa,4.552842140197754,7.163863658905029,2.6110215187072754,2.6110215187072754,6.817433371152447,run_057,2.6110215187072754
2xno,5.9281182289123535,7.2231059074401855,1.294987678527832,1.294987678527832,1.6769930875389036,run_057,1.294987678527832
3p9t,6.200659275054932,4.810642719268799,-1.3900165557861328,1.3900165557861328,1.9321460253595435,run_057,1.3900165557861328
3mam,4.119186401367188,4.714487552642822,0.5953011512756339,0.5953011512756348,0.3543834607100962,run_057,0.5953011512756339
3q3t,7.431798458099365,8.0999116897583,0.6681132316589355,0.6681132316589355,0.4463752903177465,run_057,0.6681132316589355
3qsb,5.08092212677002,7.07408618927002,1.9931640625,1.9931640625,3.972702980041504,run_057,1.9931640625
3owb,7.721246242523193,6.287116050720215,-1.4341301918029785,1.4341301918029783,2.056729407040848,run_057,1.4341301918029785
3qk0,8.698969841003418,8.261303901672363,-0.4376659393310547,0.4376659393310547,0.1915514744505344,run_057,0.4376659393310547
3alt,2.924453020095825,4.119678020477295,1.1952250003814697,1.1952250003814695,1.4285628015368843,run_057,1.1952250003814697
3o4l,5.091515064239502,5.936439514160156,0.8449244499206543,0.8449244499206543,0.7138973260737203,run_057,0.8449244499206543
3r02,9.0,6.868157863616943,-2.1318421363830566,2.1318421363830566,4.544750894458275,run_057,2.1318421363830566
2ygu,6.492144107818604,5.880308628082275,-0.611835479736329,0.6118354797363281,0.3743426542641828,run_057,0.611835479736329
3r5j,6.958607196807861,5.646986484527588,-1.3116207122802734,1.3116207122802734,1.7203488928826118,run_057,1.3116207122802734
2lkk,6.698969841003418,6.28048038482666,-0.4184894561767578,0.4184894561767578,0.1751334249311185,run_057,0.4184894561767578
3qi1,7.657577514648437,7.332712650299072,-0.32486486434936435,0.3248648643493652,0.1055371800887314,run_057,0.32486486434936435
2ybs,4.585026741027832,5.071678161621094,0.4866514205932617,0.4866514205932617,0.2368296051654397,run_057,0.4866514205932617
3qd0,8.500312805175781,7.901770114898682,-0.5985426902770996,0.5985426902770996,0.358253352084148,run_057,0.5985426902770996
2lya,4.187086582183838,4.846944808959961,0.659858226776123,0.659858226776123,0.4354128794441294,run_057,0.659858226776123
2y80,8.045757293701172,8.050127983093262,0.004370689392089844,0.0043706893920898,1.9102925762126688e-05,run_057,0.004370689392089844
2yc3,6.853871822357178,7.097650051116943,0.24377822875976562,0.2437782287597656,0.0594278248172486,run_057,0.24377822875976562
3lkj,4.602059841156006,7.985860347747803,3.383800506591797,3.383800506591797,11.4501058684109,run_057,3.383800506591797
3rm9,4.7695512771606445,6.437328338623047,1.6677770614624023,1.6677770614624023,2.7814803267401658,run_057,1.6677770614624023
3rg2,4.200659275054932,6.389304161071777,2.1886448860168457,2.1886448860168457,4.790166437087692,run_057,2.1886448860168457
2ya6,5.698969841003418,4.804955959320068,-0.8940138816833496,0.8940138816833496,0.7992608206425302,run_057,0.8940138816833496
3ovn,2.552841901779175,5.86063814163208,3.3077962398529053,3.3077962398529053,10.94151596438502,run_057,3.3077962398529053
3ai8,3.8113527297973633,3.4887940883636475,-0.3225586414337158,0.3225586414337158,0.1040440771635644,run_057,0.3225586414337158
3m3z,5.732828140258789,4.047433853149414,-1.685394287109375,1.685394287109375,2.8405539030209184,run_057,1.685394287109375
3mg8,8.920818328857422,7.191617488861084,-1.729200839996338,1.729200839996338,2.990135545044041,run_057,1.729200839996338
3ao4,2.0705809593200684,7.037655830383301,4.967074871063232,4.967074871063232,24.671832774747827,run_057,4.967074871063232
3rvg,8.301030158996582,6.923130512237549,-1.3778996467590332,1.3778996467590332,1.8986074365386685,run_057,1.3778996467590332
3qqk,4.823908805847168,5.904336452484131,1.080427646636963,1.080427646636963,1.167323899617486,run_057,1.080427646636963
3arx,5.327902317047119,4.744357585906982,-0.5835447311401367,0.5835447311401367,0.3405244532414144,run_057,0.5835447311401367
3rsx,4.411168098449707,4.793492794036865,0.3823246955871582,0.3823246955871582,0.1461721728558132,run_057,0.3823246955871582
3b25,6.065501689910889,7.444910526275635,1.379408836364746,1.379408836364746,1.9027687378411429,run_057,1.379408836364746
3ao5,2.2291479110717773,4.800017833709717,2.5708699226379395,2.5708699226379395,6.609372159124405,run_057,2.5708699226379395
3qi3,3.7846269607543945,7.273681640625,3.4890546798706055,3.489054679870605,12.173502559126971,run_057,3.4890546798706055
2xx2,7.301030158996582,7.692735195159912,0.3917050361633301,0.3917050361633301,0.1534328353557157,run_057,0.3917050361633301
3qck,5.236571788787842,5.71752405166626,0.48095226287841797,0.4809522628784179,0.2313150791678708,run_057,0.48095226287841797
3q8h,4.15490198135376,6.285788059234619,2.1308860778808594,2.13088607788086,4.540675476906472,run_057,2.1308860778808594
2xpk,11.301030158996582,6.425481796264648,-4.875548362731934,4.875548362731934,23.77097183733804,run_057,4.875548362731934
3n75,7.892789840698242,5.118253231048584,-2.774536609649658,2.774536609649658,7.69805339828622,run_057,2.774536609649658
3m6q,7.318758964538574,6.975575923919678,-0.3431830406188965,0.3431830406188965,0.1177745993684311,run_057,0.3431830406188965
3pgu,6.698969841003418,6.693958759307861,-0.005011081695556641,0.0050110816955566,2.5110939759542816e-05,run_057,0.005011081695556641
3as1,4.022276401519775,3.695656061172485,-0.3266203403472905,0.32662034034729,0.1066808467285795,run_057,0.3266203403472905
3qj9,7.0,7.004150867462158,0.004150867462158203,0.0041508674621582,1.7229700688403682e-05,run_057,0.004150867462158203
2mow,5.962573528289795,6.872816562652588,0.910243034362793,0.910243034362793,0.8285423816059847,run_057,0.910243034362793
3lrh,7.346787452697754,5.738127708435059,-1.6086597442626953,1.608659744262695,2.5877861728113203,run_057,1.6086597442626953
3r5n,5.777283668518066,5.9673848152160645,0.19010114669799805,0.190101146697998,0.0361384459758937,run_057,0.19010114669799805
2y9g,3.7695510387420654,4.6803975105285645,0.910846471786499,0.910846471786499,0.8296412951659136,run_057,0.910846471786499
3odi,7.823908805847168,5.94415283203125,-1.879755973815918,1.879755973815918,3.53348252109663,run_057,1.879755973815918
2xy9,9.187087059020996,7.485345363616943,-1.7017416954040527,1.7017416954040527,2.89592479787666,run_057,1.7017416954040527
3poa,7.0,4.414569854736328,-2.585430145263672,2.585430145263672,6.684449036038132,run_057,2.585430145263672
3r6t,5.863914012908936,7.656944274902344,1.7930302619934073,1.7930302619934082,3.21495752042415,run_057,1.7930302619934073
3qxc,5.7695512771606445,4.7692952156066895,-1.000256061553955,1.000256061553955,1.0005121886754296,run_057,1.000256061553955
3q4c,6.431798458099365,7.586782932281494,1.154984474182129,1.154984474182129,1.3339891356017688,run_057,1.154984474182129
3rlb,9.920818328857422,5.749324798583984,-4.1714935302734375,4.1714935302734375,17.401358273113146,run_057,4.1714935302734375
3n7a,3.698970079421997,5.35825777053833,1.659287691116333,1.659287691116333,2.753235641890172,run_057,1.659287691116333
3rti,7.366531372070312,5.068795204162598,-2.297736167907714,2.297736167907715,5.27959149731123,run_057,2.297736167907714
3qdd,8.769551277160645,7.312137126922607,-1.457414150238037,1.457414150238037,2.12405600531406,run_057,1.457414150238037
3py0,6.886056423187256,5.718091011047363,-1.1679654121398926,1.1679654121398926,1.3641432039551091,run_057,1.1679654121398926
2y82,8.397939682006836,8.375373840332031,-0.022565841674804688,0.0225658416748046,0.0005092172104923,run_057,0.022565841674804688
3r5m,4.340083599090576,5.918785572052002,1.5787019729614258,1.5787019729614258,2.4922999194322983,run_057,1.5787019729614258
3qkd,8.376750946044922,6.909221172332764,-1.4675297737121582,1.4675297737121582,2.1536436367316583,run_057,1.4675297737121582
3qak,8.3233060836792,8.205706596374512,-0.1175994873046875,0.1175994873046875,0.0138296394143253,run_057,0.1175994873046875
2n9x,6.397940158843994,5.874783039093018,-0.5231571197509766,0.5231571197509766,0.2736933719461376,run_057,0.5231571197509766
3o9f,12.698969841003418,9.852360725402832,-2.846609115600586,2.846609115600586,8.10318345702035,run_057,2.846609115600586
3apc,7.443697452545166,7.8591156005859375,0.4154181480407715,0.4154181480407715,0.1725722377216243,run_057,0.4154181480407715
3q3b,7.764471530914307,6.323566913604736,-1.4409046173095703,1.4409046173095703,2.0762061161840397,run_057,1.4409046173095703
3oil,5.677780628204346,7.623681545257568,1.9459009170532227,1.9459009170532229,3.786530378988573,run_057,1.9459009170532227
2yof,4.602059841156006,5.212879657745361,0.6108198165893555,0.6108198165893555,0.3731008483382538,run_057,0.6108198165893555
2yak,8.698969841003418,7.5930986404418945,-1.1058712005615234,1.1058712005615234,1.2229511122313852,run_057,1.1058712005615234
3pb7,5.740644931793213,6.860771656036377,1.120126724243164,1.120126724243164,1.2546838783637213,run_057,1.120126724243164
3rwc,8.119186401367188,6.72830057144165,-1.390885829925537,1.390885829925537,1.93456339188765,run_057,1.390885829925537
3oay,1.6989699602127075,3.9764225482940674,2.27745258808136,2.27745258808136,5.186790290958484,run_057,2.27745258808136
3m6p,8.346787452697754,7.134551525115967,-1.212235927581787,1.212235927581787,1.4695159441200758,run_057,1.212235927581787
3asx,7.698969841003418,6.458186149597168,-1.24078369140625,1.24078369140625,1.5395441688597202,run_057,1.24078369140625
3o0j,7.187086582183838,7.42476224899292,0.23767566680908203,0.237675666809082,0.0564897225931417,run_057,0.23767566680908203
3qbh,6.823908805847168,7.053985118865967,0.23007631301879883,0.2300763130187988,0.0529351098123243,run_057,0.23007631301879883
3qts,5.508638381958008,5.974818706512451,0.46618032455444336,0.4661803245544433,0.2173240950016861,run_057,0.46618032455444336
3pj8,7.397940158843994,6.5168867111206055,-0.8810534477233887,0.8810534477233887,0.77625517774527,run_057,0.8810534477233887
2ydw,7.337242126464844,7.2311272621154785,-0.10611486434936523,0.1061148643493652,0.0112603644358841,run_057,0.10611486434936523
3odl,7.214670181274414,6.039870262145996,-1.174799919128418,1.174799919128418,1.3801548499841374,run_057,1.174799919128418
2yi7,8.318758964538574,8.582324028015137,0.2635650634765625,0.2635650634765625,0.0694665426854044,run_057,0.2635650634765625
3qfz,3.2441251277923584,5.4908623695373535,2.246737241744995,2.246737241744995,5.047828233443909,run_057,2.246737241744995
3q6s,6.744727611541748,5.622795581817627,-1.121932029724121,1.121932029724121,1.258731479320886,run_057,1.121932029724121
3qfy,6.12493896484375,5.559987545013428,-0.5649514198303223,0.5649514198303223,0.319170106768297,run_057,0.5649514198303223
3lox,8.09691047668457,7.305099964141846,-0.7918105125427246,0.7918105125427246,0.6269638877731722,run_057,0.7918105125427246
3q7p,5.802995204925537,5.41173791885376,-0.39125728607177734,0.3912572860717773,0.1530822639042526,run_057,0.39125728607177734
3r9n,5.853871822357178,6.187458515167236,0.3335866928100586,0.3335866928100586,0.1112800816199524,run_057,0.3335866928100586
2y7p,5.468521118164063,5.203217029571533,-0.2653040885925302,0.2653040885925293,0.0703862594239126,run_057,0.2653040885925302
2ynd,7.494850158691406,7.562236309051514,0.06738615036010742,0.0673861503601074,0.004540893260355,run_057,0.06738615036010742
3ozp,6.619788646697998,5.949622631072998,-0.670166015625,0.670166015625,0.4491224884986877,run_057,0.670166015625
3qa2,6.677780628204346,7.653021335601807,0.9752407073974609,0.9752407073974608,0.9510944373651,run_057,0.9752407073974609
2y57,6.886056423187256,7.515059471130371,0.6290030479431152,0.6290030479431152,0.3956448343217289,run_057,0.6290030479431152
3n86,5.638272285461426,6.167118549346924,0.528846263885498,0.528846263885498,0.2796783708256498,run_057,0.528846263885498
3art,4.431798458099365,5.187549114227295,0.7557506561279297,0.7557506561279297,0.5711590542377962,run_058,0.7557506561279297
2y7p,5.468521118164063,5.090089321136475,-0.3784317970275888,0.3784317970275879,0.1432106250015294,run_058,0.3784317970275888
2y1w,6.332547187805176,7.869912624359131,1.537365436553955,1.537365436553955,2.363492485510733,run_058,1.537365436553955
3n87,4.958607196807861,6.096482753753662,1.1378755569458008,1.1378755569458008,1.2947607830947163,run_058,1.1378755569458008
2ndf,4.225482940673828,4.9390645027160645,0.7135815620422363,0.7135815620422363,0.509198645686638,run_058,0.7135815620422363
2l8r,3.9233596324920654,7.310430526733398,3.387070894241333,3.387070894241333,11.472249242616783,run_058,3.387070894241333
2l75,6.045757293701172,6.139135360717773,0.09337806701660156,0.0933780670166015,0.0087194633997569,run_058,0.09337806701660156
3qi3,3.7846269607543945,8.120879173278809,4.336252212524414,4.336252212524414,18.80308325062288,run_058,4.336252212524414
3rk9,6.28399658203125,7.406977653503418,1.122981071472168,1.122981071472168,1.2610864868847784,run_058,1.122981071472168
2xk1,5.744727611541748,7.678935527801514,1.9342079162597656,1.9342079162597656,3.741160263321945,run_058,1.9342079162597656
2loz,4.062983989715576,6.425326824188232,2.3623428344726562,2.362342834472656,5.580663667584304,run_058,2.3623428344726562
3o5n,4.764471530914307,6.337613105773926,1.5731415748596191,1.5731415748596191,2.4747744145518027,run_058,1.5731415748596191
2yig,7.100179672241211,7.068634510040283,-0.031545162200927734,0.0315451622009277,0.0009950972582828,run_058,0.031545162200927734
3qio,6.84163761138916,7.060511112213135,0.2188735008239746,0.2188735008239746,0.0479056093629424,run_058,0.2188735008239746
2ycr,7.157390594482422,9.305354118347168,2.147963523864746,2.147963523864746,4.613747299853458,run_058,2.147963523864746
3p9t,6.200659275054932,5.2425217628479,-0.9581375122070312,0.9581375122070312,0.918027492298279,run_058,0.9581375122070312
2y4a,4.376750946044922,5.7212347984313965,1.3444838523864746,1.3444838523864746,1.807636829327976,run_058,1.3444838523864746
2y07,6.221848964691162,6.268436908721924,0.04658794403076172,0.0465879440307617,0.0021704365290133,run_058,0.04658794403076172
2ym8,7.886056423187256,7.681193828582764,-0.2048625946044922,0.2048625946044922,0.0419686826680845,run_058,0.2048625946044922
2lto,3.113509178161621,6.149526119232178,3.0360169410705566,3.0360169410705566,9.21739886646742,run_058,3.0360169410705566
3ppp,5.221848964691162,4.153730392456055,-1.0681185722351074,1.0681185722351074,1.1408772843535644,run_058,1.0681185722351074
3r9n,5.853871822357178,7.577485084533691,1.7236132621765137,1.7236132621765137,2.9708426775507637,run_058,1.7236132621765137
3ri1,5.301030158996582,7.112351894378662,1.81132173538208,1.81132173538208,3.28088642906755,run_058,1.81132173538208
2l84,7.721246242523193,5.221656799316406,-2.499589443206787,2.499589443206787,6.247947384590816,run_058,2.499589443206787
3qxp,7.698969841003418,5.96600341796875,-1.732966423034668,1.732966423034668,3.003172623365572,run_058,1.732966423034668
3r5m,4.340083599090576,5.293848037719727,0.9537644386291504,0.9537644386291504,0.9096666043935784,run_058,0.9537644386291504
2xp7,5.7695512771606445,3.838622808456421,-1.9309284687042236,1.930928468704224,3.728484751252438,run_058,1.9309284687042236
3m6p,8.346787452697754,7.787594318389893,-0.5591931343078613,0.5591931343078613,0.3126969614570498,run_058,0.5591931343078613
2ydo,7.5100417137146,7.253361225128174,-0.2566804885864258,0.2566804885864258,0.0658848732209662,run_058,0.2566804885864258
2x24,6.481485843658447,6.154308795928955,-0.3271770477294922,0.3271770477294922,0.1070448205609864,run_058,0.3271770477294922
3arf,7.193819999694824,7.214058399200439,0.020238399505614346,0.0202383995056152,0.0004095928145488,run_058,0.020238399505614346
3qbn,8.229147911071777,7.647945880889893,-0.5812020301818848,0.5812020301818848,0.3377957998875445,run_058,0.5812020301818848
3po6,7.058985710144043,6.181146144866943,-0.8778395652770996,0.8778395652770996,0.7706023023658872,run_058,0.8778395652770996
2yer,7.698969841003418,7.418294906616211,-0.28067493438720703,0.280674934387207,0.0787784187932629,run_058,0.28067493438720703
3nc4,4.575118541717529,4.073125839233398,-0.5019927024841309,0.5019927024841309,0.2519966733473211,run_058,0.5019927024841309
3aza,5.130768299102783,5.153213977813721,0.0224456787109375,0.0224456787109375,0.0005038084927946,run_058,0.0224456787109375
2lgf,5.568636417388916,7.948270320892334,2.379633903503418,2.379633903503418,5.662657514702914,run_058,2.379633903503418
3psb,8.522878646850586,8.145125389099121,-0.37775325775146484,0.3777532577514648,0.1426975237418446,run_058,0.37775325775146484
3n75,7.892789840698242,5.895662784576416,-1.9971270561218262,1.9971270561218264,3.988516478293832,run_058,1.9971270561218262
3ove,6.568636417388916,5.555192470550537,-1.013443946838379,1.013443946838379,1.027068633383351,run_058,1.013443946838379
3ozs,5.333014488220215,6.312154769897461,0.9791402816772461,0.979140281677246,0.9587156912029968,run_058,0.9791402816772461
3q96,8.537602424621582,7.997810363769531,-0.5397920608520508,0.5397920608520508,0.2913754689589041,run_058,0.5397920608520508
3p3u,6.482672214508057,8.761536598205566,2.2788643836975098,2.2788643836975098,5.193222879285031,run_058,2.2788643836975098
3o0g,6.221848964691162,5.926058769226074,-0.2957901954650879,0.2957901954650879,0.0874918397332749,run_058,0.2957901954650879
2y9q,6.15490198135376,3.29918909072876,-2.8557128906249996,2.855712890625,8.155096113681793,run_058,2.8557128906249996
2xvd,8.698969841003418,9.09829330444336,0.3993234634399414,0.3993234634399414,0.1594592284536702,run_058,0.3993234634399414
3re4,7.397940158843994,4.777566909790039,-2.620373249053955,2.620373249053955,6.866355964357581,run_058,2.620373249053955
3oe5,6.879426002502441,6.598729610443115,-0.28069639205932617,0.2806963920593261,0.0787904645151229,run_058,0.28069639205932617
2ylq,4.301030158996582,5.926478862762451,1.6254487037658691,1.6254487037658691,2.642083488574144,run_058,1.6254487037658691
3r2b,8.397939682006836,8.004974365234375,-0.39296531677246094,0.3929653167724609,0.1544217401860805,run_058,0.39296531677246094
3oob,4.665546417236328,5.63930606842041,0.973759651184082,0.973759651184082,0.9482078582741452,run_058,0.973759651184082
3nuy,3.462180852890014,5.37195348739624,1.909772634506226,1.9097726345062256,3.6472315155088495,run_058,1.909772634506226
2yde,3.7235381603240967,4.86799430847168,1.144456148147583,1.144456148147583,1.3097798750328025,run_058,1.144456148147583
3otx,4.531652450561523,6.260201930999756,1.7285494804382324,1.7285494804382324,2.9878833063232837,run_058,1.7285494804382324
3qzq,5.638272285461426,6.2899088859558105,0.6516366004943848,0.6516366004943848,0.4246302591038784,run_058,0.6516366004943848
3qs6,4.892789840698242,6.331611633300781,1.438821792602539,1.438821792602539,2.070208150867984,run_058,1.438821792602539
2y1d,6.823908805847168,5.118916988372803,-1.7049918174743652,1.7049918174743652,2.906997097654539,run_058,1.7049918174743652
3qbh,6.823908805847168,7.952450752258301,1.1285419464111328,1.1285419464111328,1.2736069248094282,run_058,1.1285419464111328
2llq,5.823908805847168,6.881719589233398,1.0578107833862305,1.0578107833862305,1.1189636534481906,run_058,1.0578107833862305
2lya,4.187086582183838,5.853959560394287,1.6668729782104492,1.6668729782104492,2.7784655254881727,run_058,1.6668729782104492
3opr,6.585026741027832,7.951700687408447,1.3666739463806152,1.3666739463806152,1.8677976757155648,run_058,1.3666739463806152
3qx8,2.863279342651367,5.996490955352783,3.133211612701416,3.133211612701416,9.817015009967008,run_058,3.133211612701416
2yj9,7.022276401519775,7.617898941040039,0.5956225395202637,0.5956225395202637,0.354766209584568,run_058,0.5956225395202637
2xno,5.9281182289123535,6.153077602386475,0.2249593734741211,0.2249593734741211,0.0506067197138691,run_058,0.2249593734741211
2lp8,7.515700340270996,5.907007694244385,-1.6086926460266113,1.608692646026611,2.5878920293801,run_058,1.6086926460266113
3arb,6.630784034729004,7.024991989135742,0.3942079544067383,0.3942079544067383,0.155399911317545,run_058,0.3942079544067383
2yb9,9.221848487854004,7.603556156158447,-1.6182923316955566,1.6182923316955566,2.618870070824641,run_058,1.6182923316955566
3pkn,4.6575775146484375,6.103630542755127,1.4460530281066895,1.4460530281066897,2.091069360096526,run_058,1.4460530281066895
3p3t,7.237246513366699,8.282331466674805,1.0450849533081055,1.0450849533081057,1.092202559631005,run_058,1.0450849533081055
2xp6,4.698969841003418,5.486270427703857,0.7873005867004395,0.7873005867004395,0.6198422138188562,run_058,0.7873005867004395
2xnp,6.443697452545166,6.9477314949035645,0.5040340423583984,0.5040340423583984,0.2540503158561478,run_058,0.5040340423583984
3qck,5.236571788787842,6.499264240264893,1.2626924514770508,1.2626924514770508,1.5943922270171242,run_058,1.2626924514770508
3oy0,7.995678424835205,7.390757083892822,-0.6049213409423828,0.6049213409423828,0.3659298287275305,run_058,0.6049213409423828
3aje,5.031517028808594,5.440663814544678,0.409146785736084,0.409146785736084,0.167401092278169,run_058,0.409146785736084
2y6d,7.102373123168945,6.332674503326416,-0.7696986198425293,0.7696986198425293,0.5924359653874944,run_058,0.7696986198425293
3r16,7.301030158996582,7.947722911834717,0.6466927528381348,0.6466927528381348,0.4182115165733648,run_058,0.6466927528381348
2ymt,8.0,6.247293949127197,-1.7527060508728027,1.7527060508728027,3.071978500766136,run_058,1.7527060508728027
2xn7,10.0,6.30353593826294,-3.6964640617370597,3.696464061737061,13.663846559713647,run_058,3.6964640617370597
2ybk,4.619788646697998,5.150685787200928,0.5308971405029297,0.5308971405029297,0.2818517737941874,run_058,0.5308971405029297
2yiv,2.779891967773437,6.180900096893311,3.4010081291198744,3.401008129119873,11.56685629433946,run_058,3.4010081291198744
3r22,7.769551277160644,6.666114330291748,-1.1034369468688956,1.1034369468688965,1.217573095715352,run_058,1.1034369468688956
2yhw,5.602059841156006,5.383570194244385,-0.2184896469116211,0.2184896469116211,0.0477377258075648,run_058,0.2184896469116211
3ptg,7.602059841156006,7.606445789337158,0.004385948181152344,0.0043859481811523,1.9236541447753552e-05,run_058,0.004385948181152344
3lkj,4.602059841156006,7.938042163848877,3.335982322692871,3.335982322692871,11.128778057319323,run_058,3.335982322692871
3o9b,12.301030158996582,10.21140193939209,-2.089628219604492,2.089628219604492,4.36654609616744,run_058,2.089628219604492
3q44,6.30980396270752,6.981473445892334,0.6716694831848136,0.6716694831848145,0.4511398946417557,run_058,0.6716694831848136
3nf7,3.4685211181640625,5.1183905601501465,1.649869441986084,1.649869441986084,2.722069175599472,run_058,1.649869441986084
3r0i,6.92081880569458,6.672414779663086,-0.24840402603149414,0.2484040260314941,0.0617045601486552,run_058,0.24840402603149414
3ql9,6.301030158996582,4.785783290863037,-1.515246868133545,1.515246868133545,2.2959730713885165,run_058,1.515246868133545
2ydv,7.86012077331543,7.7808942794799805,-0.07922649383544922,0.0792264938354492,0.0062768373254584,run_058,0.07922649383544922
3at4,8.09691047668457,8.807377815246582,0.7104673385620117,0.7104673385620117,0.5047638391633882,run_058,0.7104673385620117
3r0h,5.92081880569458,6.3723578453063965,0.4515390396118164,0.4515390396118164,0.2038875042935615,run_058,0.4515390396118164
3p3h,7.443697452545166,8.099252700805664,0.655555248260498,0.655555248260498,0.4297526835218832,run_058,0.655555248260498
2yne,8.568635940551758,8.087451934814453,-0.4811840057373047,0.4811840057373047,0.2315380473773984,run_058,0.4811840057373047
3l9n,8.06550121307373,6.568522930145264,-1.4969782829284668,1.4969782829284668,2.240943979559461,run_058,1.4969782829284668
2ya7,3.142667531967163,4.717093467712402,1.5744259357452393,1.5744259357452393,2.4788170271472723,run_058,1.5744259357452393
3apc,7.443697452545166,7.379477977752685,-0.06421947479248136,0.0642194747924804,0.004124140942622,run_058,0.06421947479248136
2xu4,6.468521118164063,7.531340599060059,1.0628194808959952,1.062819480895996,1.1295852489720346,run_058,1.0628194808959952
3m94,5.07572078704834,7.912889957427978,2.837169170379638,2.8371691703796387,8.049528901352687,run_058,2.837169170379638
2mov,7.397940158843994,4.891287326812744,-2.50665283203125,2.50665283203125,6.283308420330286,run_058,2.50665283203125
