Run ID,Timestamp,Git Commit,Dataset Version,Dataset Hash,Config Hash,Split Strategy,Seed,Best Validation RMSE,Test Metrics,Experiment Status,Duration,Checkpoint Path,model_type,bias_type,num_rbf,alpha_init,alpha_final,localization_score,attention_entropy,runtime_overhead,memory_overhead
run_060,2026-07-17T06:22:24+00:00,8a90ecaca59d5859191d24badc304efd778eb1f4,pdbbind2020_local,73620bf3aece16ffc1849391e7746f84685ea3263eaf1b9957b4a65b879c03ca,d1e051d3860014194af6f7829d33771ad3b032044a29de7337b80110747295a8,random,3407,1.744008616746205,"{""best_epoch"": 2, ""bias"": -0.40868725776672366, ""config_hash"": ""d1e051d3860014194af6f7829d33771ad3b032044a29de7337b80110747295a8"", ""dataset_hash"": ""73620bf3aece16ffc1849391e7746f84685ea3263eaf1b9957b4a65b879c03ca"", ""dataset_version"": ""pdbbind2020_local"", ""effective_split_strategy"": ""random"", ""loss"": 5.3992390632629395, ""mae"": 1.7331206798553467, ""mean_prediction"": 5.340420341491699, ""median_absolute_error"": 1.3898160457611084, ""mse"": 5.399238572908064, ""pcc"": 0.801399413799913, ""r2"": -0.02507395622456743, ""rmse"": 2.3236261689239224, ""seed"": 3407, ""spearman"": 0.0, ""split_strategy"": ""random"", ""test_count"": 5}",SUCCESS,21.437,experiments\run_060\checkpoint.pt,,,,,,,,,
run_061,2026-07-15T17:20:11+00:00,8a90ecaca59d5859191d24badc304efd778eb1f4,pdbbind2020_local,2d103978df720498866c1afc80a4443b4df4aee1a23a330284d61274d02c055c,2e87e638ce637dad427a826d956aff5b868c3d9c8afc5453e35c076ba4af7d97,random,42,1.3095751582396062,"{""best_epoch"": 24, ""bias"": -0.2023031806945801, ""config_hash"": ""2e87e638ce637dad427a826d956aff5b868c3d9c8afc5453e35c076ba4af7d97"", ""dataset_hash"": ""2d103978df720498866c1afc80a4443b4df4aee1a23a330284d61274d02c055c"", ""dataset_version"": ""pdbbind2020_local"", ""effective_split_strategy"": ""random"", ""loss"": 2.616988298892975, ""mae"": 1.2820238018035888, ""mean_prediction"": 5.856556668281555, ""median_absolute_error"": 1.071984052658081, ""mse"": 2.616988282535159, ""pcc"": 0.4204170062115809, ""r2"": 0.139651019255443, ""rmse"": 1.6177108154843864, ""seed"": 42, ""spearman"": 0.4714876356173928, ""split_strategy"": ""random"", ""test_count"": 100}",SUCCESS,617.047,experiments\run_061\checkpoint.pt,,,,,,,,,
run_062,2026-07-15T17:29:42+00:00,8a90ecaca59d5859191d24badc304efd778eb1f4,pdbbind2020_local,a87f68b049964ecd394a906e2405f6fbe0920728793e246bf0b468f164b873a7,d73a35eea3b7a4c13812a5cd9e7fb75ec8bcebded945c4144fffd23d1bbc7224,random,123,1.3791600415004128,"{""best_epoch"": 24, ""bias"": -0.3015777003765106, ""config_hash"": ""d73a35eea3b7a4c13812a5cd9e7fb75ec8bcebded945c4144fffd23d1bbc7224"", ""dataset_hash"": ""a87f68b049964ecd394a906e2405f6fbe0920728793e246bf0b468f164b873a7"", ""dataset_version"": ""pdbbind2020_local"", ""effective_split_strategy"": ""random"", ""loss"": 2.306016199588776, ""mae"": 1.1716746056079865, ""mean_prediction"": 6.285342841148377, ""median_absolute_error"": 0.8663861751556396, ""mse"": 2.3060162174069165, ""pcc"": 0.6059660265270455, ""r2"": 0.3347670237706061, ""rmse"": 1.5185572815692256, ""seed"": 123, ""spearman"": 0.5418175600442505, ""split_strategy"": ""random"", ""test_count"": 100}",SUCCESS,565.407,experiments\run_062\checkpoint.pt,,,,,,,,,
run_063,2026-07-15T18:05:20+00:00,8a90ecaca59d5859191d24badc304efd778eb1f4,pdbbind2020_local,8ec9ade309c5dca5f937980e144f5a24ed2d78acb1123cb04118b3ae8dd8caf1,5e690b72c79e94eda770d4f9ce39dac3995b703b78ee5b5f179380e3eaa299a5,random,777,1.6097597788302098,"{""best_epoch"": 8, ""bias"": -0.014302682876586915, ""config_hash"": ""5e690b72c79e94eda770d4f9ce39dac3995b703b78ee5b5f179380e3eaa299a5"", ""dataset_hash"": ""8ec9ade309c5dca5f937980e144f5a24ed2d78acb1123cb04118b3ae8dd8caf1"", ""dataset_version"": ""pdbbind2020_local"", ""effective_split_strategy"": ""random"", ""loss"": 2.6869260597229006, ""mae"": 1.2965964126586913, ""mean_prediction"": 6.1111603403091435, ""median_absolute_error"": 1.1012301445007324, ""mse"": 2.686926039695885, ""pcc"": 0.3919063519467559, ""r2"": 0.13430513319183301, ""rmse"": 1.6391845654763484, ""seed"": 777, ""spearman"": 0.4094512288440267, ""split_strategy"": ""random"", ""test_count"": 100}",SUCCESS,2132.750,experiments\run_063\checkpoint.pt,,,,,,,,,
run_064,2026-07-15T18:14:16+00:00,8a90ecaca59d5859191d24badc304efd778eb1f4,pdbbind2020_local,48be054ce88831b3502d4c8388b62404c817b37dc3f44f1ac14b1bf65b9699d4,67a85242a607b46dabf1084e65ad4bca43021a847a6e2c4d494537fdbd343ff4,random,2024,1.450413421878031,"{""best_epoch"": 19, ""bias"": 0.01586554408073425, ""config_hash"": ""67a85242a607b46dabf1084e65ad4bca43021a847a6e2c4d494537fdbd343ff4"", ""dataset_hash"": ""48be054ce88831b3502d4c8388b62404c817b37dc3f44f1ac14b1bf65b9699d4"", ""dataset_version"": ""pdbbind2020_local"", ""effective_split_strategy"": ""random"", ""loss"": 2.6556855726242063, ""mae"": 1.2615002191066742, ""mean_prediction"": 6.432738153934479, ""median_absolute_error"": 0.9560375213623047, ""mse"": 2.6556855895727383, ""pcc"": 0.55587833663605, ""r2"": 0.3062255748351884, ""rmse"": 1.6296274388867962, ""seed"": 2024, ""spearman"": 0.5196733215361382, ""split_strategy"": ""random"", ""test_count"": 100}",SUCCESS,529.391,experiments\run_064\checkpoint.pt,,,,,,,,,
run_065,2026-07-15T18:36:32+00:00,8a90ecaca59d5859191d24badc304efd778eb1f4,pdbbind2020_local,2942f95d4cdc0f1c0a59ffc0543ecdf6ffef66c8fb05f12da6b855c2de4359ce,c3b1b76f8fffc7205dbeae1272573a2428d06caa82fc5908685d5024d0768281,random,3407,1.3275763392646458,"{""best_epoch"": 27, ""bias"": 0.1261513948440552, ""config_hash"": ""c3b1b76f8fffc7205dbeae1272573a2428d06caa82fc5908685d5024d0768281"", ""dataset_hash"": ""2942f95d4cdc0f1c0a59ffc0543ecdf6ffef66c8fb05f12da6b855c2de4359ce"", ""dataset_version"": ""pdbbind2020_local"", ""effective_split_strategy"": ""random"", ""loss"": 1.8560613775253296, ""mae"": 1.0770587778091432, ""mean_prediction"": 6.364354028701782, ""median_absolute_error"": 0.9307019710540771, ""mse"": 1.8560613727389432, ""pcc"": 0.5914714941208375, ""r2"": 0.3419586254582082, ""rmse"": 1.3623734336586806, ""seed"": 3407, ""spearman"": 0.5408301955333367, ""split_strategy"": ""random"", ""test_count"": 100}",SUCCESS,314.797,experiments\run_065\checkpoint.pt,,,,,,,,,
2026-07-16 15:46:36,test_framework_run,irm,1.5535,1.2178,REJECTED,,,,,,,,,,,,,,,,
run_066,2026-07-16T16:01:19+00:00,8a90ecaca59d5859191d24badc304efd778eb1f4,pdbbind2020_local,5f2e38eabc1520844a2ccb73d0db73326883b8b15a83e3fd38969995676d10b4,b3ea8afebc6da3ed1fdad27d3fcf566de31d4284c34f2eab2638afd4ad441d18,random,42,0.22849035263061523,"{""best_epoch"": 2, ""bias"": 0.1005105972290039, ""config_hash"": ""b3ea8afebc6da3ed1fdad27d3fcf566de31d4284c34f2eab2638afd4ad441d18"", ""dataset_hash"": ""5f2e38eabc1520844a2ccb73d0db73326883b8b15a83e3fd38969995676d10b4"", ""dataset_version"": ""pdbbind2020_local"", ""effective_split_strategy"": ""random"", ""loss"": 0.016653012484312057, ""mae"": 0.1005105972290039, ""mean_prediction"": 4.322359561920166, ""median_absolute_error"": 0.1005105972290039, ""mse"": 0.010102380155331048, ""pcc"": NaN, ""r2"": NaN, ""rmse"": 0.1005105972290039, ""seed"": 42, ""spearman"": NaN, ""split_strategy"": ""random"", ""test_count"": 1}",SUCCESS,22.594,experiments\run_066\checkpoint.pt,,,,,,,,,
run_071,2026-07-16T16:14:49+00:00,8a90ecaca59d5859191d24badc304efd778eb1f4,pdbbind2020_local,2d103978df720498866c1afc80a4443b4df4aee1a23a330284d61274d02c055c,8cc939a2ed002a1e98f38643b13764f4e28618e8c28b2100a7a24f527163fa01,random,42,1.4118225394181387,"{""best_epoch"": 9, ""bias"": -0.06846165180206298, ""config_hash"": ""8cc939a2ed002a1e98f38643b13764f4e28618e8c28b2100a7a24f527163fa01"", ""dataset_hash"": ""2d103978df720498866c1afc80a4443b4df4aee1a23a330284d61274d02c055c"", ""dataset_version"": ""pdbbind2020_local"", ""effective_split_strategy"": ""random"", ""loss"": 2.641264877319336, ""mae"": 1.2886162137985229, ""mean_prediction"": 5.9903981971740725, ""median_absolute_error"": 1.1184675693511963, ""mse"": 2.637232138303813, ""pcc"": 0.37384953236274665, ""r2"": 0.13299574273275683, ""rmse"": 1.6239557070018298, ""seed"": 42, ""spearman"": 0.3951766309064731, ""split_strategy"": ""random"", ""test_count"": 100}",SUCCESS,549.828,experiments\run_071\checkpoint.pt,,,,,,,,,
run_072,2026-07-16T16:26:13+00:00,8a90ecaca59d5859191d24badc304efd778eb1f4,pdbbind2020_local,a87f68b049964ecd394a906e2405f6fbe0920728793e246bf0b468f164b873a7,2b73d3ac21a8a4ff0cef80d3e370551331731a91be29fdd6f4b2ee1eba0d9ec5,random,123,1.4000030105467036,"{""best_epoch"": 19, ""bias"": -0.5573466432094574, ""config_hash"": ""2b73d3ac21a8a4ff0cef80d3e370551331731a91be29fdd6f4b2ee1eba0d9ec5"", ""dataset_hash"": ""a87f68b049964ecd394a906e2405f6fbe0920728793e246bf0b468f164b873a7"", ""dataset_version"": ""pdbbind2020_local"", ""effective_split_strategy"": ""random"", ""loss"": 2.7597576808929443, ""mae"": 1.3392199671268463, ""mean_prediction"": 6.02957389831543, ""median_absolute_error"": 1.1199235916137695, ""mse"": 2.755582031377922, ""pcc"": 0.5439930517421733, ""r2"": 0.20507756097263086, ""rmse"": 1.6599945877556113, ""seed"": 123, ""spearman"": 0.46691049627301523, ""split_strategy"": ""random"", ""test_count"": 100}",SUCCESS,676.235,experiments\run_072\checkpoint.pt,,,,,,,,,
run_073,2026-07-16T16:37:06+00:00,8a90ecaca59d5859191d24badc304efd778eb1f4,pdbbind2020_local,8ec9ade309c5dca5f937980e144f5a24ed2d78acb1123cb04118b3ae8dd8caf1,e8904a380abb5c9dc8241bf66b871c33f178204ea20ca946acaa41f23548e355,random,777,1.5669265484563832,"{""best_epoch"": 17, ""bias"": -0.09484675168991089, ""config_hash"": ""e8904a380abb5c9dc8241bf66b871c33f178204ea20ca946acaa41f23548e355"", ""dataset_hash"": ""8ec9ade309c5dca5f937980e144f5a24ed2d78acb1123cb04118b3ae8dd8caf1"", ""dataset_version"": ""pdbbind2020_local"", ""effective_split_strategy"": ""random"", ""loss"": 2.392465410232544, ""mae"": 1.2499469542503356, ""mean_prediction"": 6.030616271495819, ""median_absolute_error"": 1.0824322700500488, ""mse"": 2.388007625402003, ""pcc"": 0.49433567056938293, ""r2"": 0.23061300807399354, ""rmse"": 1.5453179690283818, ""seed"": 777, ""spearman"": 0.5301449190780764, ""split_strategy"": ""random"", ""test_count"": 100}",SUCCESS,644.546,experiments\run_073\checkpoint.pt,,,,,,,,,
run_074,2026-07-16T16:52:03+00:00,8a90ecaca59d5859191d24badc304efd778eb1f4,pdbbind2020_local,48be054ce88831b3502d4c8388b62404c817b37dc3f44f1ac14b1bf65b9699d4,bba2a836db91636703abddb8a3d9643d6d24451b6b1e2a49bec4affacf5db4b3,random,2024,1.4616283964087284,"{""best_epoch"": 28, ""bias"": 0.1081517493724823, ""config_hash"": ""bba2a836db91636703abddb8a3d9643d6d24451b6b1e2a49bec4affacf5db4b3"", ""dataset_hash"": ""48be054ce88831b3502d4c8388b62404c817b37dc3f44f1ac14b1bf65b9699d4"", ""dataset_version"": ""pdbbind2020_local"", ""effective_split_strategy"": ""random"", ""loss"": 2.898733115196228, ""mae"": 1.2900385081768035, ""mean_prediction"": 6.525024359226227, ""median_absolute_error"": 1.0871388912200928, ""mse"": 2.8940260402207003, ""pcc"": 0.502398883904245, ""r2"": 0.24396123533993397, ""rmse"": 1.7011837173629132, ""seed"": 2024, ""spearman"": 0.4838190907310942, ""split_strategy"": ""random"", ""test_count"": 100}",SUCCESS,887.094,experiments\run_074\checkpoint.pt,,,,,,,,,
run_075,2026-07-16T17:09:58+00:00,8a90ecaca59d5859191d24badc304efd778eb1f4,pdbbind2020_local,2942f95d4cdc0f1c0a59ffc0543ecdf6ffef66c8fb05f12da6b855c2de4359ce,b80e857d5e4c3cba19ce92ebdbeec53af3ef465d0cb23e17d610241f3cac15e6,random,3407,1.3464344983367815,"{""best_epoch"": 35, ""bias"": -0.06172445297241211, ""config_hash"": ""b80e857d5e4c3cba19ce92ebdbeec53af3ef465d0cb23e17d610241f3cac15e6"", ""dataset_hash"": ""2942f95d4cdc0f1c0a59ffc0543ecdf6ffef66c8fb05f12da6b855c2de4359ce"", ""dataset_version"": ""pdbbind2020_local"", ""effective_split_strategy"": ""random"", ""loss"": 2.3003376007080076, ""mae"": 1.1866783046722411, ""mean_prediction"": 6.176478180885315, ""median_absolute_error"": 0.9921565055847168, ""mse"": 2.295704279397671, ""pcc"": 0.4639551773930953, ""r2"": 0.18608919847997174, ""rmse"": 1.5151581697623753, ""seed"": 3407, ""spearman"": 0.40279632162230633, ""split_strategy"": ""random"", ""test_count"": 100}",SUCCESS,1066.703,experiments\run_075\checkpoint.pt,,,,,,,,,
2026-07-16 17:11:25,protliggnn_benchmark,physics_guided,1.6091,1.2709,REJECTED,,,,,,,,,,,,,,,,
2026-07-16 17:21:22,experiment,physics_guided,1.6091,1.2709,REJECTED,,,,,,,,,,,,,,,,
run_001,2026-07-16T17:37:04+00:00,8a90ecaca59d5859191d24badc304efd778eb1f4,pdbbind2020_local,5f2e38eabc1520844a2ccb73d0db73326883b8b15a83e3fd38969995676d10b4,7b13a4eec868abeabcbc26370aa9b3c3d0d40880c8470bc957bed4b37728fcae,random,42,0.7966437339782715,"{""best_epoch"": 2, ""bias"": -0.44716835021972656, ""config_hash"": ""7b13a4eec868abeabcbc26370aa9b3c3d0d40880c8470bc957bed4b37728fcae"", ""dataset_hash"": ""5f2e38eabc1520844a2ccb73d0db73326883b8b15a83e3fd38969995676d10b4"", ""dataset_version"": ""pdbbind2020_local"", ""effective_split_strategy"": ""random"", ""loss"": 0.2099408209323883, ""mae"": 0.44716835021972656, ""mean_prediction"": 3.7746806144714355, ""median_absolute_error"": 0.44716835021972656, ""mse"": 0.19995953343823203, ""pcc"": NaN, ""r2"": NaN, ""rmse"": 0.44716835021972656, ""seed"": 42, ""spearman"": NaN, ""split_strategy"": ""random"", ""test_count"": 1}",SUCCESS,12.250,experiments\run_001\checkpoint.pt,,,,,,,,,
run_002,2026-07-16T17:52:41+00:00,8a90ecaca59d5859191d24badc304efd778eb1f4,pdbbind2020_local,2d103978df720498866c1afc80a4443b4df4aee1a23a330284d61274d02c055c,b4103784d96b18413d7259e4431be35b6ded3e0dc9c55977f7f83ab6325de1b2,random,42,1.4397174741441636,"{""best_epoch"": 12, ""bias"": -0.31477257490158084, ""config_hash"": ""b4103784d96b18413d7259e4431be35b6ded3e0dc9c55977f7f83ab6325de1b2"", ""dataset_hash"": ""2d103978df720498866c1afc80a4443b4df4aee1a23a330284d61274d02c055c"", ""dataset_version"": ""pdbbind2020_local"", ""effective_split_strategy"": ""random"", ""loss"": 2.5821577954292296, ""mae"": 1.2965942311286927, ""mean_prediction"": 5.7440872740745545, ""median_absolute_error"": 1.0637421607971191, ""mse"": 2.578033317129987, ""pcc"": 0.4301534966064315, ""r2"": 0.15245767376167263, ""rmse"": 1.6056255220723128, ""seed"": 42, ""spearman"": 0.42418405378707275, ""split_strategy"": ""random"", ""test_count"": 100}",SUCCESS,913.360,experiments\run_002\checkpoint.pt,,,,,,,,,
run_003,2026-07-16T18:03:25+00:00,8a90ecaca59d5859191d24badc304efd778eb1f4,pdbbind2020_local,a87f68b049964ecd394a906e2405f6fbe0920728793e246bf0b468f164b873a7,e534db0d381d4197357c325436851ebfa10c6f842c573ad6dcf2c1eb02d96e66,random,123,1.4593668444061958,"{""best_epoch"": 9, ""bias"": -0.6437682521343231, ""config_hash"": ""e534db0d381d4197357c325436851ebfa10c6f842c573ad6dcf2c1eb02d96e66"", ""dataset_hash"": ""a87f68b049964ecd394a906e2405f6fbe0920728793e246bf0b468f164b873a7"", ""dataset_version"": ""pdbbind2020_local"", ""effective_split_strategy"": ""random"", ""loss"": 2.962866621017456, ""mae"": 1.3530559742450714, ""mean_prediction"": 5.943152289390564, ""median_absolute_error"": 1.1027228832244873, ""mse"": 2.958674707239043, ""pcc"": 0.5173264437413346, ""r2"": 0.14648996553698035, ""rmse"": 1.7200798549018133, ""seed"": 123, ""spearman"": 0.44516386492582655, ""split_strategy"": ""random"", ""test_count"": 100}",SUCCESS,635.609,experiments\run_003\checkpoint.pt,,,,,,,,,
run_004,2026-07-16T18:23:19+00:00,8a90ecaca59d5859191d24badc304efd778eb1f4,pdbbind2020_local,8ec9ade309c5dca5f937980e144f5a24ed2d78acb1123cb04118b3ae8dd8caf1,1f91916c41a3617f7598592b4c3e5e4e7e5f3861bcc4a8cc22b5dd05b275c763,random,777,1.5114509608093452,"{""best_epoch"": 23, ""bias"": 0.37829102993011476, ""config_hash"": ""1f91916c41a3617f7598592b4c3e5e4e7e5f3861bcc4a8cc22b5dd05b275c763"", ""dataset_hash"": ""8ec9ade309c5dca5f937980e144f5a24ed2d78acb1123cb04118b3ae8dd8caf1"", ""dataset_version"": ""pdbbind2020_local"", ""effective_split_strategy"": ""random"", ""loss"": 2.4785735273361205, ""mae"": 1.311615958213806, ""mean_prediction"": 6.503754053115845, ""median_absolute_error"": 1.2732644081115723, ""mse"": 2.4741061532569177, ""pcc"": 0.49938753837590555, ""r2"": 0.20287311032370958, ""rmse"": 1.5729291634580744, ""seed"": 777, ""spearman"": 0.4456719375524602, ""split_strategy"": ""random"", ""test_count"": 100}",SUCCESS,1186.265,experiments\run_004\checkpoint.pt,,,,,,,,,
run_005,2026-07-16T18:49:27+00:00,8a90ecaca59d5859191d24badc304efd778eb1f4,pdbbind2020_local,48be054ce88831b3502d4c8388b62404c817b37dc3f44f1ac14b1bf65b9699d4,3f1a2ceca0a147e00fb4298c51abe54f99b3c179c1574d2897bb3f8d2b4a1253,random,2024,1.3718130675399522,"{""best_epoch"": 36, ""bias"": 0.19364536166191101, ""config_hash"": ""3f1a2ceca0a147e00fb4298c51abe54f99b3c179c1574d2897bb3f8d2b4a1253"", ""dataset_hash"": ""48be054ce88831b3502d4c8388b62404c817b37dc3f44f1ac14b1bf65b9699d4"", ""dataset_version"": ""pdbbind2020_local"", ""effective_split_strategy"": ""random"", ""loss"": 2.6333459210395813, ""mae"": 1.2656235444545745, ""mean_prediction"": 6.610517971515655, ""median_absolute_error"": 1.0761308670043945, ""mse"": 2.6285653891961895, ""pcc"": 0.5688259604985433, ""r2"": 0.31331048786121485, ""rmse"": 1.6212851042294163, ""seed"": 2024, ""spearman"": 0.5300545465223686, ""split_strategy"": ""random"", ""test_count"": 100}",SUCCESS,1559.078,experiments\run_005\checkpoint.pt,,,,,,,,,
run_006,2026-07-16T19:23:48+00:00,8a90ecaca59d5859191d24badc304efd778eb1f4,pdbbind2020_local,2942f95d4cdc0f1c0a59ffc0543ecdf6ffef66c8fb05f12da6b855c2de4359ce,c5325c3c505e3ffed8a899f4595cded3ee513383d0e876b96f4d609dbf3e72d7,random,3407,1.2959888900334582,"{""best_epoch"": 48, ""bias"": 0.0768401050567627, ""config_hash"": ""c5325c3c505e3ffed8a899f4595cded3ee513383d0e876b96f4d609dbf3e72d7"", ""dataset_hash"": ""2942f95d4cdc0f1c0a59ffc0543ecdf6ffef66c8fb05f12da6b855c2de4359ce"", ""dataset_version"": ""pdbbind2020_local"", ""effective_split_strategy"": ""random"", ""loss"": 2.1856050968170164, ""mae"": 1.1861506748199462, ""mean_prediction"": 6.31504273891449, ""median_absolute_error"": 0.9638278484344482, ""mse"": 2.1809883956730416, ""pcc"": 0.5005237953710506, ""r2"": 0.22676015845827047, ""rmse"": 1.476816981102615, ""seed"": 3407, ""spearman"": 0.4332798272288809, ""split_strategy"": ""random"", ""test_count"": 100}",SUCCESS,2049.172,experiments\run_006\checkpoint.pt,,,,,,,,,
2026-07-16 19:25:22,protliggnn_benchmark,soft_routing,1.5993,1.2826,REJECTED,,,,,,,,,,,,,,,,
run_007,2026-07-16T19:37:53+00:00,8a90ecaca59d5859191d24badc304efd778eb1f4,pdbbind2020_local,2d103978df720498866c1afc80a4443b4df4aee1a23a330284d61274d02c055c,1cbc3f3272be1414c0e017db691ffcbf1f3091bd1ce2f2856558793fa4a95130,random,42,1.4067680627866668,"{""best_epoch"": 12, ""bias"": -0.20366365909576417, ""config_hash"": ""1cbc3f3272be1414c0e017db691ffcbf1f3091bd1ce2f2856558793fa4a95130"", ""dataset_hash"": ""2d103978df720498866c1afc80a4443b4df4aee1a23a330284d61274d02c055c"", ""dataset_version"": ""pdbbind2020_local"", ""effective_split_strategy"": ""random"", ""loss"": 2.534699021577835, ""mae"": 1.2365972185134888, ""mean_prediction"": 5.855196189880371, ""median_absolute_error"": 0.9773669242858887, ""mse"": 2.5306333191969372, ""pcc"": 0.4269884229912428, ""r2"": 0.16804067815689605, ""rmse"": 1.5907964417853522, ""seed"": 42, ""spearman"": 0.4132567643651506, ""split_strategy"": ""random"", ""test_count"": 100}",SUCCESS,737.375,experiments\run_007\checkpoint.pt,,,,,,,,,
run_008,2026-07-16T19:51:34+00:00,8a90ecaca59d5859191d24badc304efd778eb1f4,pdbbind2020_local,a87f68b049964ecd394a906e2405f6fbe0920728793e246bf0b468f164b873a7,8d2e24509b7eb670718d71438d5b24155e4ccb66b03b6b2dc753fb5f25553350,random,123,1.4184816131922493,"{""best_epoch"": 12, ""bias"": -0.5795349204540252, ""config_hash"": ""8d2e24509b7eb670718d71438d5b24155e4ccb66b03b6b2dc753fb5f25553350"", ""dataset_hash"": ""a87f68b049964ecd394a906e2405f6fbe0920728793e246bf0b468f164b873a7"", ""dataset_version"": ""pdbbind2020_local"", ""effective_split_strategy"": ""random"", ""loss"": 2.663288050889969, ""mae"": 1.2580083334445953, ""mean_prediction"": 6.007385621070862, ""median_absolute_error"": 0.9648826122283936, ""mse"": 2.659067243167931, ""pcc"": 0.5810591036344754, ""r2"": 0.23291987158884986, ""rmse"": 1.6306646630033812, ""seed"": 123, ""spearman"": 0.4959780134490037, ""split_strategy"": ""random"", ""test_count"": 100}",SUCCESS,811.937,experiments\run_008\checkpoint.pt,,,,,,,,,
run_009,2026-07-16T20:07:55+00:00,8a90ecaca59d5859191d24badc304efd778eb1f4,pdbbind2020_local,8ec9ade309c5dca5f937980e144f5a24ed2d78acb1123cb04118b3ae8dd8caf1,65dec310e9dfbd3be8c3e02c70937574810ca045b6d9966a58649a00ac2bfd7b,random,777,1.5400237005998303,"{""best_epoch"": 19, ""bias"": 0.36655118227005007, ""config_hash"": ""65dec310e9dfbd3be8c3e02c70937574810ca045b6d9966a58649a00ac2bfd7b"", ""dataset_hash"": ""8ec9ade309c5dca5f937980e144f5a24ed2d78acb1123cb04118b3ae8dd8caf1"", ""dataset_version"": ""pdbbind2020_local"", ""effective_split_strategy"": ""random"", ""loss"": 2.4840946769714356, ""mae"": 1.294536807537079, ""mean_prediction"": 6.49201420545578, ""median_absolute_error"": 1.0796113014221191, ""mse"": 2.4796365117412544, ""pcc"": 0.5150537427855291, ""r2"": 0.20109129613129462, ""rmse"": 1.5746861629357307, ""seed"": 777, ""spearman"": 0.5370338146375995, ""split_strategy"": ""random"", ""test_count"": 100}",SUCCESS,974.312,experiments\run_009\checkpoint.pt,,,,,,,,,
run_010,2026-07-16T20:27:46+00:00,8a90ecaca59d5859191d24badc304efd778eb1f4,pdbbind2020_local,48be054ce88831b3502d4c8388b62404c817b37dc3f44f1ac14b1bf65b9699d4,9cf94d0ac40842bfe64ad2615ae2ba001e3f835c2900b4884ecdb953570d41be,random,2024,1.3812369569277798,"{""best_epoch"": 23, ""bias"": -0.0986220371723175, ""config_hash"": ""9cf94d0ac40842bfe64ad2615ae2ba001e3f835c2900b4884ecdb953570d41be"", ""dataset_hash"": ""48be054ce88831b3502d4c8388b62404c817b37dc3f44f1ac14b1bf65b9699d4"", ""dataset_version"": ""pdbbind2020_local"", ""effective_split_strategy"": ""random"", ""loss"": 2.7299760937690736, ""mae"": 1.3034108865261078, ""mean_prediction"": 6.318250572681427, ""median_absolute_error"": 1.085946798324585, ""mse"": 2.7252282655454927, ""pcc"": 0.5414832460784176, ""r2"": 0.28805816441700605, ""rmse"": 1.650826540114222, ""seed"": 2024, ""spearman"": 0.5229197046098669, ""split_strategy"": ""random"", ""test_count"": 100}",SUCCESS,1182.156,experiments\run_010\checkpoint.pt,,,,,,,,,
run_011,2026-07-16T20:40:55+00:00,8a90ecaca59d5859191d24badc304efd778eb1f4,pdbbind2020_local,2942f95d4cdc0f1c0a59ffc0543ecdf6ffef66c8fb05f12da6b855c2de4359ce,0051cb4b517679f65da5a71122905580db97529f43b91e1fed22fb4a1a1ab5ca,random,3407,1.4953014398054034,"{""best_epoch"": 6, ""bias"": 0.24325039863586426, ""config_hash"": ""0051cb4b517679f65da5a71122905580db97529f43b91e1fed22fb4a1a1ab5ca"", ""dataset_hash"": ""2942f95d4cdc0f1c0a59ffc0543ecdf6ffef66c8fb05f12da6b855c2de4359ce"", ""dataset_version"": ""pdbbind2020_local"", ""effective_split_strategy"": ""random"", ""loss"": 2.5862061262130736, ""mae"": 1.2960019493103028, ""mean_prediction"": 6.481453032493591, ""median_absolute_error"": 1.146165132522583, ""mse"": 2.581552782414458, ""pcc"": 0.32940929468361835, ""r2"": 0.08474549045467883, ""rmse"": 1.606721127767497, ""seed"": 3407, ""spearman"": 0.3212829475751196, ""split_strategy"": ""random"", ""test_count"": 100}",SUCCESS,778.094,experiments\run_011\checkpoint.pt,,,,,,,,,
2026-07-16 20:42:27,protliggnn_benchmark,soft_routing,1.6107,1.2777,REJECTED,,,,,,,,,,,,,,,,
run_012,2026-07-16T21:02:17+00:00,8a90ecaca59d5859191d24badc304efd778eb1f4,pdbbind2020_local,2d103978df720498866c1afc80a4443b4df4aee1a23a330284d61274d02c055c,ef0d624e7cb25faa281a03e5b1ed04f52742f565c04ad1f85422640965143281,random,42,1.4049019570631982,"{""best_epoch"": 13, ""bias"": -0.44149112701416016, ""config_hash"": ""ef0d624e7cb25faa281a03e5b1ed04f52742f565c04ad1f85422640965143281"", ""dataset_hash"": ""2d103978df720498866c1afc80a4443b4df4aee1a23a330284d61274d02c055c"", ""dataset_version"": ""pdbbind2020_local"", ""effective_split_strategy"": ""random"", ""loss"": 2.7192210793495177, ""mae"": 1.301845712661743, ""mean_prediction"": 5.6173687219619755, ""median_absolute_error"": 1.1417990922927856, ""mse"": 2.714459753112245, ""pcc"": 0.4166398941496337, ""r2"": 0.10760674877768917, ""rmse"": 1.647561760029725, ""seed"": 42, ""spearman"": 0.4469087353031735, ""split_strategy"": ""random"", ""test_count"": 100}",SUCCESS,1179.281,experiments\run_012\checkpoint.pt,,,,,,,,,
run_013,2026-07-16T21:30:04+00:00,8a90ecaca59d5859191d24badc304efd778eb1f4,pdbbind2020_local,a87f68b049964ecd394a906e2405f6fbe0920728793e246bf0b468f164b873a7,6011c6abcac3174ca1dc317abebd39b47258beec3075d35e5876cb95fa7d4cdf,random,123,1.3832549698778027,"{""best_epoch"": 18, ""bias"": -0.3919153201580048, ""config_hash"": ""6011c6abcac3174ca1dc317abebd39b47258beec3075d35e5876cb95fa7d4cdf"", ""dataset_hash"": ""a87f68b049964ecd394a906e2405f6fbe0920728793e246bf0b468f164b873a7"", ""dataset_version"": ""pdbbind2020_local"", ""effective_split_strategy"": ""random"", ""loss"": 2.5672160458564757, ""mae"": 1.2710372269153596, ""mean_prediction"": 6.195005221366882, ""median_absolute_error"": 1.060619831085205, ""mse"": 2.5624246700291344, ""pcc"": 0.5527743159631319, ""r2"": 0.26079904523658837, ""rmse"": 1.6007575300554218, ""seed"": 123, ""spearman"": 0.4843006004794592, ""split_strategy"": ""random"", ""test_count"": 100}",SUCCESS,1659.516,experiments\run_013\checkpoint.pt,,,,,,,,,
run_014,2026-07-16T21:50:38+00:00,8a90ecaca59d5859191d24badc304efd778eb1f4,pdbbind2020_local,8ec9ade309c5dca5f937980e144f5a24ed2d78acb1123cb04118b3ae8dd8caf1,a031a8bb2a49a4cccfea1f3296a2ae79c6dceade8b5a8051b3f81ebdf75ab4e2,random,777,1.5503209676582137,"{""best_epoch"": 15, ""bias"": 0.09628705501556396, ""config_hash"": ""a031a8bb2a49a4cccfea1f3296a2ae79c6dceade8b5a8051b3f81ebdf75ab4e2"", ""dataset_hash"": ""8ec9ade309c5dca5f937980e144f5a24ed2d78acb1123cb04118b3ae8dd8caf1"", ""dataset_version"": ""pdbbind2020_local"", ""effective_split_strategy"": ""random"", ""loss"": 2.4171032905578613, ""mae"": 1.282619471549988, ""mean_prediction"": 6.2217500782012936, ""median_absolute_error"": 1.1535630226135254, ""mse"": 2.412087164767014, ""pcc"": 0.47523578491309587, ""r2"": 0.22285487356808276, ""rmse"": 1.553089554651313, ""seed"": 777, ""spearman"": 0.48899756990416504, ""split_strategy"": ""random"", ""test_count"": 100}",SUCCESS,1225.266,experiments\run_014\checkpoint.pt,,,,,,,,,
run_015,2026-07-16T22:27:41+00:00,8a90ecaca59d5859191d24badc304efd778eb1f4,pdbbind2020_local,48be054ce88831b3502d4c8388b62404c817b37dc3f44f1ac14b1bf65b9699d4,17d54ef7d2145961e590e67c2a94c742aec62cdf57a9d35545a0bed6336bc524,random,2024,1.3836522096205135,"{""best_epoch"": 38, ""bias"": -0.06903781294822693, ""config_hash"": ""17d54ef7d2145961e590e67c2a94c742aec62cdf57a9d35545a0bed6336bc524"", ""dataset_hash"": ""48be054ce88831b3502d4c8388b62404c817b37dc3f44f1ac14b1bf65b9699d4"", ""dataset_version"": ""pdbbind2020_local"", ""effective_split_strategy"": ""random"", ""loss"": 2.867691617012024, ""mae"": 1.3543982470035554, ""mean_prediction"": 6.347834796905517, ""median_absolute_error"": 1.148367166519165, ""mse"": 2.8625602902606175, ""pcc"": 0.5223835026837463, ""r2"": 0.2521813848473341, ""rmse"": 1.6919102488786506, ""seed"": 2024, ""spearman"": 0.45810005588081487, ""split_strategy"": ""random"", ""test_count"": 100}",SUCCESS,628.063,experiments\run_015\checkpoint.pt,,,,,,,,,
run_016,2026-07-16T22:43:18+00:00,8a90ecaca59d5859191d24badc304efd778eb1f4,pdbbind2020_local,2942f95d4cdc0f1c0a59ffc0543ecdf6ffef66c8fb05f12da6b855c2de4359ce,3cc04655b592c87653c2771ee5a2f0f8e3fcb8acf846c9783f766e5c12a619a7,random,3407,1.485076410029198,"{""best_epoch"": 14, ""bias"": 0.2550187158584595, ""config_hash"": ""3cc04655b592c87653c2771ee5a2f0f8e3fcb8acf846c9783f766e5c12a619a7"", ""dataset_hash"": ""2942f95d4cdc0f1c0a59ffc0543ecdf6ffef66c8fb05f12da6b855c2de4359ce"", ""dataset_version"": ""pdbbind2020_local"", ""effective_split_strategy"": ""random"", ""loss"": 2.6578896379470827, ""mae"": 1.2504266214370727, ""mean_prediction"": 6.493221349716187, ""median_absolute_error"": 1.0398166179656982, ""mse"": 2.652157188329702, ""pcc"": 0.332327349348658, ""r2"": 0.059713656378732716, ""rmse"": 1.6285444999537784, ""seed"": 3407, ""spearman"": 0.3334643484375894, ""split_strategy"": ""random"", ""test_count"": 100}",SUCCESS,929.860,experiments\run_016\checkpoint.pt,,,,,,,,,
2026-07-16 22:44:48,protliggnn_benchmark,soft_routing,1.6244,1.2921,REJECTED,,,,,,,,,,,,,,,,
run_017,2026-07-17T04:32:02+00:00,8a90ecaca59d5859191d24badc304efd778eb1f4,pdbbind2020_local,3f3d1c733db6ddb3255d9c83b15c4174dfd87cfa66e5f24fe984c40851b25948,3022e19e57a95bdf8ee44127784364fa0ff06ecfb425b8edb5ccdcc4beb97296,random,42,0.18194055557250977,"{""best_epoch"": 2, ""bias"": 0.5165815353393555, ""config_hash"": ""3022e19e57a95bdf8ee44127784364fa0ff06ecfb425b8edb5ccdcc4beb97296"", ""dataset_hash"": ""3f3d1c733db6ddb3255d9c83b15c4174dfd87cfa66e5f24fe984c40851b25948"", ""dataset_version"": ""pdbbind2020_local"", ""effective_split_strategy"": ""random"", ""loss"": 0.26685649156570435, ""mae"": 0.5165815353393555, ""mean_prediction"": 4.738430500030518, ""median_absolute_error"": 0.5165815353393555, ""mse"": 0.26685648265356576, ""pcc"": NaN, ""r2"": NaN, ""rmse"": 0.5165815353393555, ""seed"": 42, ""spearman"": NaN, ""split_strategy"": ""random"", ""test_count"": 1}",SUCCESS,21.687,experiments\run_017\checkpoint.pt,,,,,,,,,
run_018,2026-07-17T04:32:29+00:00,8a90ecaca59d5859191d24badc304efd778eb1f4,pdbbind2020_local,30c8c111f397709312437acdc4b878783386f430ad5c68593962ba2efacf90a3,c146c112dbf530795a514a692679bedf53f40ba61dbf6fac3d6cae0bbee2cdce,random,123,0.995948314666748,"{""best_epoch"": 2, ""bias"": -1.6581370830535889, ""config_hash"": ""c146c112dbf530795a514a692679bedf53f40ba61dbf6fac3d6cae0bbee2cdce"", ""dataset_hash"": ""30c8c111f397709312437acdc4b878783386f430ad5c68593962ba2efacf90a3"", ""dataset_version"": ""pdbbind2020_local"", ""effective_split_strategy"": ""random"", ""loss"": 2.7494184970855713, ""mae"": 1.6581370830535889, ""mean_prediction"": 2.9994404315948486, ""median_absolute_error"": 1.6581370830535889, ""mse"": 2.7494185861974643, ""pcc"": NaN, ""r2"": NaN, ""rmse"": 1.6581370830535889, ""seed"": 123, ""spearman"": NaN, ""split_strategy"": ""random"", ""test_count"": 1}",SUCCESS,20.343,experiments\run_018\checkpoint.pt,,,,,,,,,
run_019,2026-07-17T04:32:56+00:00,8a90ecaca59d5859191d24badc304efd778eb1f4,pdbbind2020_local,79d6b67e06cd5efa84bc8c08de6be14519c2ecbe7ec1bdd5395eab75d0821acb,dda0e2766b890284c4609fbff8b1be4b69853db4b6ad4fe8d589686e08403292,random,777,0.8407270908355713,"{""best_epoch"": 2, ""bias"": -1.1804852485656738, ""config_hash"": ""dda0e2766b890284c4609fbff8b1be4b69853db4b6ad4fe8d589686e08403292"", ""dataset_hash"": ""79d6b67e06cd5efa84bc8c08de6be14519c2ecbe7ec1bdd5395eab75d0821acb"", ""dataset_version"": ""pdbbind2020_local"", ""effective_split_strategy"": ""random"", ""loss"": 1.393545389175415, ""mae"": 1.1804852485656738, ""mean_prediction"": 4.865272045135498, ""median_absolute_error"": 1.1804852485656738, ""mse"": 1.3935454220811607, ""pcc"": NaN, ""r2"": NaN, ""rmse"": 1.1804852485656738, ""seed"": 777, ""spearman"": NaN, ""split_strategy"": ""random"", ""test_count"": 1}",SUCCESS,20.687,experiments\run_019\checkpoint.pt,,,,,,,,,
run_020,2026-07-17T04:33:22+00:00,8a90ecaca59d5859191d24badc304efd778eb1f4,pdbbind2020_local,a5e93dd39c72fc75c79e1d4c2fcdf3b9061b09fd1938c61b5670d25aeb54a80a,d88fceaafc905674539cc18f4126d35d0e5126f1c6db8025b34c78f72f65dcf0,random,2024,4.357812881469727,"{""best_epoch"": 2, ""bias"": -2.0910959243774414, ""config_hash"": ""d88fceaafc905674539cc18f4126d35d0e5126f1c6db8025b34c78f72f65dcf0"", ""dataset_hash"": ""a5e93dd39c72fc75c79e1d4c2fcdf3b9061b09fd1938c61b5670d25aeb54a80a"", ""dataset_version"": ""pdbbind2020_local"", ""effective_split_strategy"": ""random"", ""loss"": 4.372682094573975, ""mae"": 2.0910959243774414, ""mean_prediction"": 1.832263708114624, ""median_absolute_error"": 2.0910959243774414, ""mse"": 4.372682164947946, ""pcc"": NaN, ""r2"": NaN, ""rmse"": 2.0910959243774414, ""seed"": 2024, ""spearman"": NaN, ""split_strategy"": ""random"", ""test_count"": 1}",SUCCESS,20.360,experiments\run_020\checkpoint.pt,,,,,,,,,
run_021,2026-07-17T04:33:50+00:00,8a90ecaca59d5859191d24badc304efd778eb1f4,pdbbind2020_local,827cc10d5533fcf5d3a3a1714ba1dc174c522e0cbc6618e9b3a1a0d961349f98,01430cac2ad470b9c8aefb3675805a534a81fbfffc8b700b6bc2182a8e164b68,random,3407,2.014117956161499,"{""best_epoch"": 2, ""bias"": -1.0966672897338867, ""config_hash"": ""01430cac2ad470b9c8aefb3675805a534a81fbfffc8b700b6bc2182a8e164b68"", ""dataset_hash"": ""827cc10d5533fcf5d3a3a1714ba1dc174c522e0cbc6618e9b3a1a0d961349f98"", ""dataset_version"": ""pdbbind2020_local"", ""effective_split_strategy"": ""random"", ""loss"": 1.20267915725708, ""mae"": 1.0966672897338867, ""mean_prediction"": 3.560910224914551, ""median_absolute_error"": 1.0966672897338867, ""mse"": 1.2026791443722686, ""pcc"": NaN, ""r2"": NaN, ""rmse"": 1.0966672897338867, ""seed"": 3407, ""spearman"": NaN, ""split_strategy"": ""random"", ""test_count"": 1}",SUCCESS,21.641,experiments\run_021\checkpoint.pt,,,,,,,,,
run_022,2026-07-17T04:35:07+00:00,8a90ecaca59d5859191d24badc304efd778eb1f4,pdbbind2020_local,3f3d1c733db6ddb3255d9c83b15c4174dfd87cfa66e5f24fe984c40851b25948,3022e19e57a95bdf8ee44127784364fa0ff06ecfb425b8edb5ccdcc4beb97296,random,42,0.18194055557250977,"{""best_epoch"": 2, ""bias"": 0.5165815353393555, ""config_hash"": ""3022e19e57a95bdf8ee44127784364fa0ff06ecfb425b8edb5ccdcc4beb97296"", ""dataset_hash"": ""3f3d1c733db6ddb3255d9c83b15c4174dfd87cfa66e5f24fe984c40851b25948"", ""dataset_version"": ""pdbbind2020_local"", ""effective_split_strategy"": ""random"", ""loss"": 0.26685649156570435, ""mae"": 0.5165815353393555, ""mean_prediction"": 4.738430500030518, ""median_absolute_error"": 0.5165815353393555, ""mse"": 0.26685648265356576, ""pcc"": NaN, ""r2"": NaN, ""rmse"": 0.5165815353393555, ""seed"": 42, ""spearman"": NaN, ""split_strategy"": ""random"", ""test_count"": 1}",SUCCESS,20.719,experiments\run_022\checkpoint.pt,,,,,,,,,
run_023,2026-07-17T04:35:35+00:00,8a90ecaca59d5859191d24badc304efd778eb1f4,pdbbind2020_local,30c8c111f397709312437acdc4b878783386f430ad5c68593962ba2efacf90a3,c146c112dbf530795a514a692679bedf53f40ba61dbf6fac3d6cae0bbee2cdce,random,123,0.995948314666748,"{""best_epoch"": 2, ""bias"": -1.6581370830535889, ""config_hash"": ""c146c112dbf530795a514a692679bedf53f40ba61dbf6fac3d6cae0bbee2cdce"", ""dataset_hash"": ""30c8c111f397709312437acdc4b878783386f430ad5c68593962ba2efacf90a3"", ""dataset_version"": ""pdbbind2020_local"", ""effective_split_strategy"": ""random"", ""loss"": 2.7494184970855713, ""mae"": 1.6581370830535889, ""mean_prediction"": 2.9994404315948486, ""median_absolute_error"": 1.6581370830535889, ""mse"": 2.7494185861974643, ""pcc"": NaN, ""r2"": NaN, ""rmse"": 1.6581370830535889, ""seed"": 123, ""spearman"": NaN, ""split_strategy"": ""random"", ""test_count"": 1}",SUCCESS,21.312,experiments\run_023\checkpoint.pt,,,,,,,,,
run_024,2026-07-17T04:36:03+00:00,8a90ecaca59d5859191d24badc304efd778eb1f4,pdbbind2020_local,79d6b67e06cd5efa84bc8c08de6be14519c2ecbe7ec1bdd5395eab75d0821acb,dda0e2766b890284c4609fbff8b1be4b69853db4b6ad4fe8d589686e08403292,random,777,0.8407270908355713,"{""best_epoch"": 2, ""bias"": -1.1804852485656738, ""config_hash"": ""dda0e2766b890284c4609fbff8b1be4b69853db4b6ad4fe8d589686e08403292"", ""dataset_hash"": ""79d6b67e06cd5efa84bc8c08de6be14519c2ecbe7ec1bdd5395eab75d0821acb"", ""dataset_version"": ""pdbbind2020_local"", ""effective_split_strategy"": ""random"", ""loss"": 1.393545389175415, ""mae"": 1.1804852485656738, ""mean_prediction"": 4.865272045135498, ""median_absolute_error"": 1.1804852485656738, ""mse"": 1.3935454220811607, ""pcc"": NaN, ""r2"": NaN, ""rmse"": 1.1804852485656738, ""seed"": 777, ""spearman"": NaN, ""split_strategy"": ""random"", ""test_count"": 1}",SUCCESS,21.157,experiments\run_024\checkpoint.pt,,,,,,,,,
run_025,2026-07-17T04:36:31+00:00,8a90ecaca59d5859191d24badc304efd778eb1f4,pdbbind2020_local,a5e93dd39c72fc75c79e1d4c2fcdf3b9061b09fd1938c61b5670d25aeb54a80a,d88fceaafc905674539cc18f4126d35d0e5126f1c6db8025b34c78f72f65dcf0,random,2024,4.357812881469727,"{""best_epoch"": 2, ""bias"": -2.0910959243774414, ""config_hash"": ""d88fceaafc905674539cc18f4126d35d0e5126f1c6db8025b34c78f72f65dcf0"", ""dataset_hash"": ""a5e93dd39c72fc75c79e1d4c2fcdf3b9061b09fd1938c61b5670d25aeb54a80a"", ""dataset_version"": ""pdbbind2020_local"", ""effective_split_strategy"": ""random"", ""loss"": 4.372682094573975, ""mae"": 2.0910959243774414, ""mean_prediction"": 1.832263708114624, ""median_absolute_error"": 2.0910959243774414, ""mse"": 4.372682164947946, ""pcc"": NaN, ""r2"": NaN, ""rmse"": 2.0910959243774414, ""seed"": 2024, ""spearman"": NaN, ""split_strategy"": ""random"", ""test_count"": 1}",SUCCESS,20.954,experiments\run_025\checkpoint.pt,,,,,,,,,
run_026,2026-07-17T04:37:00+00:00,8a90ecaca59d5859191d24badc304efd778eb1f4,pdbbind2020_local,827cc10d5533fcf5d3a3a1714ba1dc174c522e0cbc6618e9b3a1a0d961349f98,01430cac2ad470b9c8aefb3675805a534a81fbfffc8b700b6bc2182a8e164b68,random,3407,2.014117956161499,"{""best_epoch"": 2, ""bias"": -1.0966672897338867, ""config_hash"": ""01430cac2ad470b9c8aefb3675805a534a81fbfffc8b700b6bc2182a8e164b68"", ""dataset_hash"": ""827cc10d5533fcf5d3a3a1714ba1dc174c522e0cbc6618e9b3a1a0d961349f98"", ""dataset_version"": ""pdbbind2020_local"", ""effective_split_strategy"": ""random"", ""loss"": 1.20267915725708, ""mae"": 1.0966672897338867, ""mean_prediction"": 3.560910224914551, ""median_absolute_error"": 1.0966672897338867, ""mse"": 1.2026791443722686, ""pcc"": NaN, ""r2"": NaN, ""rmse"": 1.0966672897338867, ""seed"": 3407, ""spearman"": NaN, ""split_strategy"": ""random"", ""test_count"": 1}",SUCCESS,22.719,experiments\run_026\checkpoint.pt,,,,,,,,,
2026-07-17 04:38:09,protliggnn_benchmark,foundation_protein,1.3086,1.3086,PROMOTE,,,,,,,,,,,,,,,,
run_027,2026-07-17T04:52:19+00:00,8a90ecaca59d5859191d24badc304efd778eb1f4,pdbbind2020_local,3f3d1c733db6ddb3255d9c83b15c4174dfd87cfa66e5f24fe984c40851b25948,e366284bd22f7c98631c665139e864ca79059be4de1f3310d59c66ea4748e781,random,42,0.3979911804199219,"{""best_epoch"": 2, ""bias"": 0.7586245536804199, ""config_hash"": ""e366284bd22f7c98631c665139e864ca79059be4de1f3310d59c66ea4748e781"", ""dataset_hash"": ""3f3d1c733db6ddb3255d9c83b15c4174dfd87cfa66e5f24fe984c40851b25948"", ""dataset_version"": ""pdbbind2020_local"", ""effective_split_strategy"": ""random"", ""loss"": 0.5755112171173096, ""mae"": 0.7586245536804199, ""mean_prediction"": 4.980473518371582, ""median_absolute_error"": 0.7586245536804199, ""mse"": 0.5755112134468163, ""pcc"": NaN, ""r2"": NaN, ""rmse"": 0.7586245536804199, ""seed"": 42, ""spearman"": NaN, ""split_strategy"": ""random"", ""test_count"": 1}",SUCCESS,22.297,experiments\run_027\checkpoint.pt,,,,,,,,,
run_028,2026-07-17T04:52:50+00:00,8a90ecaca59d5859191d24badc304efd778eb1f4,pdbbind2020_local,30c8c111f397709312437acdc4b878783386f430ad5c68593962ba2efacf90a3,7828fb5d6af9b7e29bc1bbba7476c9137698ebd726de343e6823fcf7eead15b7,random,123,0.7887930870056152,"{""best_epoch"": 2, ""bias"": -1.4583830833435059, ""config_hash"": ""7828fb5d6af9b7e29bc1bbba7476c9137698ebd726de343e6823fcf7eead15b7"", ""dataset_hash"": ""30c8c111f397709312437acdc4b878783386f430ad5c68593962ba2efacf90a3"", ""dataset_version"": ""pdbbind2020_local"", ""effective_split_strategy"": ""random"", ""loss"": 2.1268811225891113, ""mae"": 1.4583830833435059, ""mean_prediction"": 3.1991944313049316, ""median_absolute_error"": 1.4583830833435059, ""mse"": 2.126881217782511, ""pcc"": NaN, ""r2"": NaN, ""rmse"": 1.4583830833435059, ""seed"": 123, ""spearman"": NaN, ""split_strategy"": ""random"", ""test_count"": 1}",SUCCESS,24.234,experiments\run_028\checkpoint.pt,,,,,,,,,
run_029,2026-07-17T04:53:20+00:00,8a90ecaca59d5859191d24badc304efd778eb1f4,pdbbind2020_local,79d6b67e06cd5efa84bc8c08de6be14519c2ecbe7ec1bdd5395eab75d0821acb,224dad1544c6003bb53ce022202b556623445f9eb135c458167f61bbe602daa9,random,777,1.0179603099822998,"{""best_epoch"": 2, ""bias"": -1.0402870178222656, ""config_hash"": ""224dad1544c6003bb53ce022202b556623445f9eb135c458167f61bbe602daa9"", ""dataset_hash"": ""79d6b67e06cd5efa84bc8c08de6be14519c2ecbe7ec1bdd5395eab75d0821acb"", ""dataset_version"": ""pdbbind2020_local"", ""effective_split_strategy"": ""random"", ""loss"": 1.0821970701217651, ""mae"": 1.0402870178222656, ""mean_prediction"": 5.005470275878906, ""median_absolute_error"": 1.0402870178222656, ""mse"": 1.0821970794495428, ""pcc"": NaN, ""r2"": NaN, ""rmse"": 1.0402870178222656, ""seed"": 777, ""spearman"": NaN, ""split_strategy"": ""random"", ""test_count"": 1}",SUCCESS,22.969,experiments\run_029\checkpoint.pt,,,,,,,,,
run_030,2026-07-17T04:53:51+00:00,8a90ecaca59d5859191d24badc304efd778eb1f4,pdbbind2020_local,a5e93dd39c72fc75c79e1d4c2fcdf3b9061b09fd1938c61b5670d25aeb54a80a,5917734ca5210dc068a00c4e132d74c88c5fb44e3f5ef75e3a486ac22bf86b91,random,2024,3.900374174118042,"{""best_epoch"": 2, ""bias"": -1.6077752113342285, ""config_hash"": ""5917734ca5210dc068a00c4e132d74c88c5fb44e3f5ef75e3a486ac22bf86b91"", ""dataset_hash"": ""a5e93dd39c72fc75c79e1d4c2fcdf3b9061b09fd1938c61b5670d25aeb54a80a"", ""dataset_version"": ""pdbbind2020_local"", ""effective_split_strategy"": ""random"", ""loss"": 2.5849411487579346, ""mae"": 1.6077752113342285, ""mean_prediction"": 2.315584421157837, ""median_absolute_error"": 1.6077752113342285, ""mse"": 2.584941130180823, ""pcc"": NaN, ""r2"": NaN, ""rmse"": 1.6077752113342285, ""seed"": 2024, ""spearman"": NaN, ""split_strategy"": ""random"", ""test_count"": 1}",SUCCESS,22.953,experiments\run_030\checkpoint.pt,,,,,,,,,
run_031,2026-07-17T04:54:20+00:00,8a90ecaca59d5859191d24badc304efd778eb1f4,pdbbind2020_local,827cc10d5533fcf5d3a3a1714ba1dc174c522e0cbc6618e9b3a1a0d961349f98,49cc69559c073cdae558b4bdbee30cfe2c0dd5a264bce5d3899dbcd79b67cd1a,random,3407,1.7716901302337646,"{""best_epoch"": 2, ""bias"": -0.8796272277832031, ""config_hash"": ""49cc69559c073cdae558b4bdbee30cfe2c0dd5a264bce5d3899dbcd79b67cd1a"", ""dataset_hash"": ""827cc10d5533fcf5d3a3a1714ba1dc174c522e0cbc6618e9b3a1a0d961349f98"", ""dataset_version"": ""pdbbind2020_local"", ""effective_split_strategy"": ""random"", ""loss"": 0.7737440466880798, ""mae"": 0.8796272277832031, ""mean_prediction"": 3.7779502868652344, ""median_absolute_error"": 0.8796272277832031, ""mse"": 0.7737440598575631, ""pcc"": NaN, ""r2"": NaN, ""rmse"": 0.8796272277832031, ""seed"": 3407, ""spearman"": NaN, ""split_strategy"": ""random"", ""test_count"": 1}",SUCCESS,22.641,experiments\run_031\checkpoint.pt,,,,,,,,,
2026-07-17 04:55:31,protliggnn_benchmark,foundation_ligand,1.1489,1.1489,PROMOTE,,,,,,,,,,,,,,,,
run_032,2026-07-17T05:40:19+00:00,8a90ecaca59d5859191d24badc304efd778eb1f4,pdbbind2020_local,3f3d1c733db6ddb3255d9c83b15c4174dfd87cfa66e5f24fe984c40851b25948,6d0e6725dfbcb9304b55a78ddcb9ef0207538f205c3d82b3ee0d15d9e4d36d0e,random,42,1.7288618087768555,"{""best_epoch"": 2, ""bias"": 2.081521511077881, ""config_hash"": ""6d0e6725dfbcb9304b55a78ddcb9ef0207538f205c3d82b3ee0d15d9e4d36d0e"", ""dataset_hash"": ""3f3d1c733db6ddb3255d9c83b15c4174dfd87cfa66e5f24fe984c40851b25948"", ""dataset_version"": ""pdbbind2020_local"", ""effective_split_strategy"": ""random"", ""loss"": 4.3327317237854, ""mae"": 2.081521511077881, ""mean_prediction"": 6.303370475769043, ""median_absolute_error"": 2.081521511077881, ""mse"": 4.3327318010799445, ""pcc"": NaN, ""r2"": NaN, ""rmse"": 2.081521511077881, ""seed"": 42, ""spearman"": NaN, ""split_strategy"": ""random"", ""test_count"": 1}",SUCCESS,22.641,experiments\run_032\checkpoint.pt,,,,,,,,,
run_033,2026-07-17T05:40:41+00:00,8a90ecaca59d5859191d24badc304efd778eb1f4,pdbbind2020_local,30c8c111f397709312437acdc4b878783386f430ad5c68593962ba2efacf90a3,d7d56c0cd6631b5f85487da2c9d3792f81b04f9bb28d02baf87cc3b2c25e14bf,random,123,0.07010078430175781,"{""best_epoch"": 2, ""bias"": -0.7351219654083252, ""config_hash"": ""d7d56c0cd6631b5f85487da2c9d3792f81b04f9bb28d02baf87cc3b2c25e14bf"", ""dataset_hash"": ""30c8c111f397709312437acdc4b878783386f430ad5c68593962ba2efacf90a3"", ""dataset_version"": ""pdbbind2020_local"", ""effective_split_strategy"": ""random"", ""loss"": 0.5404043197631836, ""mae"": 0.7351219654083252, ""mean_prediction"": 3.9224555492401123, ""median_absolute_error"": 0.7351219654083252, ""mse"": 0.5404043040257989, ""pcc"": NaN, ""r2"": NaN, ""rmse"": 0.7351219654083252, ""seed"": 123, ""spearman"": NaN, ""split_strategy"": ""random"", ""test_count"": 1}",SUCCESS,17.500,experiments\run_033\checkpoint.pt,,,,,,,,,
run_034,2026-07-17T05:41:03+00:00,8a90ecaca59d5859191d24badc304efd778eb1f4,pdbbind2020_local,79d6b67e06cd5efa84bc8c08de6be14519c2ecbe7ec1bdd5395eab75d0821acb,ab782f57fbb286e51efe8992da775626637450209ec4b554e75643c51a8d653c,random,777,1.1142592430114746,"{""best_epoch"": 1, ""bias"": -3.1950128078460693, ""config_hash"": ""ab782f57fbb286e51efe8992da775626637450209ec4b554e75643c51a8d653c"", ""dataset_hash"": ""79d6b67e06cd5efa84bc8c08de6be14519c2ecbe7ec1bdd5395eab75d0821acb"", ""dataset_version"": ""pdbbind2020_local"", ""effective_split_strategy"": ""random"", ""loss"": 10.208106994628906, ""mae"": 3.1950128078460693, ""mean_prediction"": 2.8507444858551025, ""median_absolute_error"": 3.1950128078460693, ""mse"": 10.208106842300424, ""pcc"": NaN, ""r2"": NaN, ""rmse"": 3.1950128078460693, ""seed"": 777, ""spearman"": NaN, ""split_strategy"": ""random"", ""test_count"": 1}",SUCCESS,17.609,experiments\run_034\checkpoint.pt,,,,,,,,,
run_035,2026-07-17T05:41:25+00:00,8a90ecaca59d5859191d24badc304efd778eb1f4,pdbbind2020_local,a5e93dd39c72fc75c79e1d4c2fcdf3b9061b09fd1938c61b5670d25aeb54a80a,1cf69354bddff4b5c2a012bf6520066bb71598f3e72a2dc915b47d3033ca7da5,random,2024,3.622112512588501,"{""best_epoch"": 2, ""bias"": -1.3053057193756104, ""config_hash"": ""1cf69354bddff4b5c2a012bf6520066bb71598f3e72a2dc915b47d3033ca7da5"", ""dataset_hash"": ""a5e93dd39c72fc75c79e1d4c2fcdf3b9061b09fd1938c61b5670d25aeb54a80a"", ""dataset_version"": ""pdbbind2020_local"", ""effective_split_strategy"": ""random"", ""loss"": 1.7038229703903198, ""mae"": 1.3053057193756104, ""mean_prediction"": 2.618053913116455, ""median_absolute_error"": 1.3053057193756104, ""mse"": 1.7038230210346796, ""pcc"": NaN, ""r2"": NaN, ""rmse"": 1.3053057193756104, ""seed"": 2024, ""spearman"": NaN, ""split_strategy"": ""random"", ""test_count"": 1}",SUCCESS,18.266,experiments\run_035\checkpoint.pt,,,,,,,,,
run_036,2026-07-17T05:41:48+00:00,8a90ecaca59d5859191d24badc304efd778eb1f4,pdbbind2020_local,827cc10d5533fcf5d3a3a1714ba1dc174c522e0cbc6618e9b3a1a0d961349f98,c37d0974686a85294d52b548da2ec5f30910edfab14a9ba2224ab32506c90aaf,random,3407,1.4064245223999023,"{""best_epoch"": 2, ""bias"": -0.49450206756591797, ""config_hash"": ""c37d0974686a85294d52b548da2ec5f30910edfab14a9ba2224ab32506c90aaf"", ""dataset_hash"": ""827cc10d5533fcf5d3a3a1714ba1dc174c522e0cbc6618e9b3a1a0d961349f98"", ""dataset_version"": ""pdbbind2020_local"", ""effective_split_strategy"": ""random"", ""loss"": 0.24453230202198029, ""mae"": 0.49450206756591797, ""mean_prediction"": 4.1630754470825195, ""median_absolute_error"": 0.49450206756591797, ""mse"": 0.2445322948269677, ""pcc"": NaN, ""r2"": NaN, ""rmse"": 0.49450206756591797, ""seed"": 3407, ""spearman"": NaN, ""split_strategy"": ""random"", ""test_count"": 1}",SUCCESS,17.984,experiments\run_036\checkpoint.pt,,,,,,,,,
2026-07-17 05:42:58,protliggnn_benchmark,foundation_hybrid,1.5623,1.5623,REJECTED,,,,,,,,,,,,,,,,
run_037,2026-07-17T05:59:14+00:00,8a90ecaca59d5859191d24badc304efd778eb1f4,pdbbind2020_local,3f3d1c733db6ddb3255d9c83b15c4174dfd87cfa66e5f24fe984c40851b25948,87b969f2ad20b2a9dc9c746af90635c36d6c267dc139bc9b0f253d158bd1c51a,random,42,1.5709538459777832,"{""best_epoch"": 2, ""bias"": -1.2381000518798828, ""config_hash"": ""87b969f2ad20b2a9dc9c746af90635c36d6c267dc139bc9b0f253d158bd1c51a"", ""dataset_hash"": ""3f3d1c733db6ddb3255d9c83b15c4174dfd87cfa66e5f24fe984c40851b25948"", ""dataset_version"": ""pdbbind2020_local"", ""effective_split_strategy"": ""random"", ""loss"": 1.5328917503356934, ""mae"": 1.2381000518798828, ""mean_prediction"": 2.9837489128112793, ""median_absolute_error"": 1.2381000518798828, ""mse"": 1.5328917384649685, ""pcc"": NaN, ""r2"": NaN, ""rmse"": 1.2381000518798828, ""seed"": 42, ""spearman"": NaN, ""split_strategy"": ""random"", ""test_count"": 1}",SUCCESS,21.109,experiments\run_037\checkpoint.pt,,,,,,,,,
run_038,2026-07-17T05:59:35+00:00,8a90ecaca59d5859191d24badc304efd778eb1f4,pdbbind2020_local,30c8c111f397709312437acdc4b878783386f430ad5c68593962ba2efacf90a3,80475f5bab1fe7152e75a1cbeaddbc751e098ef3bfd71922072ea3d14819702e,random,123,0.35605812072753906,"{""best_epoch"": 2, ""bias"": -1.0255520343780518, ""config_hash"": ""80475f5bab1fe7152e75a1cbeaddbc751e098ef3bfd71922072ea3d14819702e"", ""dataset_hash"": ""30c8c111f397709312437acdc4b878783386f430ad5c68593962ba2efacf90a3"", ""dataset_version"": ""pdbbind2020_local"", ""effective_split_strategy"": ""random"", ""loss"": 1.0517569780349731, ""mae"": 1.0255520343780518, ""mean_prediction"": 3.6320254802703857, ""median_absolute_error"": 1.0255520343780518, ""mse"": 1.0517569752169607, ""pcc"": NaN, ""r2"": NaN, ""rmse"": 1.0255520343780518, ""seed"": 123, ""spearman"": NaN, ""split_strategy"": ""random"", ""test_count"": 1}",SUCCESS,17.125,experiments\run_038\checkpoint.pt,,,,,,,,,
run_039,2026-07-17T05:59:57+00:00,8a90ecaca59d5859191d24badc304efd778eb1f4,pdbbind2020_local,79d6b67e06cd5efa84bc8c08de6be14519c2ecbe7ec1bdd5395eab75d0821acb,901706f4a2e15fcf9e2ab1ae313fa5db682b06b72661796baf61e88e2d82c83f,random,777,1.3653571605682373,"{""best_epoch"": 2, ""bias"": -0.5921955108642578, ""config_hash"": ""901706f4a2e15fcf9e2ab1ae313fa5db682b06b72661796baf61e88e2d82c83f"", ""dataset_hash"": ""79d6b67e06cd5efa84bc8c08de6be14519c2ecbe7ec1bdd5395eab75d0821acb"", ""dataset_version"": ""pdbbind2020_local"", ""effective_split_strategy"": ""random"", ""loss"": 0.35069552063941956, ""mae"": 0.5921955108642578, ""mean_prediction"": 5.453561782836914, ""median_absolute_error"": 0.5921955108642578, ""mse"": 0.3506955230877793, ""pcc"": NaN, ""r2"": NaN, ""rmse"": 0.5921955108642578, ""seed"": 777, ""spearman"": NaN, ""split_strategy"": ""random"", ""test_count"": 1}",SUCCESS,17.047,experiments\run_039\checkpoint.pt,,,,,,,,,
run_040,2026-07-17T06:00:18+00:00,8a90ecaca59d5859191d24badc304efd778eb1f4,pdbbind2020_local,a5e93dd39c72fc75c79e1d4c2fcdf3b9061b09fd1938c61b5670d25aeb54a80a,a78007164523443e9e732fd27ab0133bb27b9249b5f5500773f21a6f0b078a29,random,2024,1.8063921928405762,"{""best_epoch"": 2, ""bias"": 0.4509303569793701, ""config_hash"": ""a78007164523443e9e732fd27ab0133bb27b9249b5f5500773f21a6f0b078a29"", ""dataset_hash"": ""a5e93dd39c72fc75c79e1d4c2fcdf3b9061b09fd1938c61b5670d25aeb54a80a"", ""dataset_version"": ""pdbbind2020_local"", ""effective_split_strategy"": ""random"", ""loss"": 0.20333819091320038, ""mae"": 0.4509303569793701, ""mean_prediction"": 4.3742899894714355, ""median_absolute_error"": 0.4509303569793701, ""mse"": 0.20333818684554217, ""pcc"": NaN, ""r2"": NaN, ""rmse"": 0.4509303569793701, ""seed"": 2024, ""spearman"": NaN, ""split_strategy"": ""random"", ""test_count"": 1}",SUCCESS,17.031,experiments\run_040\checkpoint.pt,,,,,,,,,
run_041,2026-07-17T06:00:40+00:00,8a90ecaca59d5859191d24badc304efd778eb1f4,pdbbind2020_local,827cc10d5533fcf5d3a3a1714ba1dc174c522e0cbc6618e9b3a1a0d961349f98,98dacc09330dcfe291bd80a49bb7a8e5334854e0388ebbe002af2a2e9458bf04,random,3407,0.5598087310791016,"{""best_epoch"": 2, ""bias"": 0.28803253173828125, ""config_hash"": ""98dacc09330dcfe291bd80a49bb7a8e5334854e0388ebbe002af2a2e9458bf04"", ""dataset_hash"": ""827cc10d5533fcf5d3a3a1714ba1dc174c522e0cbc6618e9b3a1a0d961349f98"", ""dataset_version"": ""pdbbind2020_local"", ""effective_split_strategy"": ""random"", ""loss"": 0.08296273648738861, ""mae"": 0.28803253173828125, ""mean_prediction"": 4.945610046386719, ""median_absolute_error"": 0.28803253173828125, ""mse"": 0.082962739339564, ""pcc"": NaN, ""r2"": NaN, ""rmse"": 0.28803253173828125, ""seed"": 3407, ""spearman"": NaN, ""split_strategy"": ""random"", ""test_count"": 1}",SUCCESS,17.172,experiments\run_041\checkpoint.pt,,,,,,,,,
2026-07-17 06:01:51,protliggnn_benchmark,equivariant,0.7190,0.7190,PROMOTE,,,,,,,,,,,,,,,,
run_042,2026-07-17T06:08:51+00:00,8a90ecaca59d5859191d24badc304efd778eb1f4,pdbbind2020_local,7c2f7525c9aa1378d2524ae2653c5e637bc5ce8e791be1fc9a27fbab6e04478b,6a982731704a84ae7b261fdac96a77c6ec01f8447a8a687f84b4353521870a03,random,42,1.3286482715761339,"{""best_epoch"": 2, ""bias"": 0.9491693019866944, ""config_hash"": ""6a982731704a84ae7b261fdac96a77c6ec01f8447a8a687f84b4353521870a03"", ""dataset_hash"": ""7c2f7525c9aa1378d2524ae2653c5e637bc5ce8e791be1fc9a27fbab6e04478b"", ""dataset_version"": ""pdbbind2020_local"", ""effective_split_strategy"": ""random"", ""loss"": 1.3852612972259521, ""mae"": 1.0804276943206788, ""mean_prediction"": 5.545098972320557, ""median_absolute_error"": 1.2753853797912598, ""mse"": 1.3852613500011217, ""pcc"": -0.1611647124226475, ""r2"": -1.9055676804566137, ""rmse"": 1.1769712613318652, ""seed"": 42, ""spearman"": -0.2, ""split_strategy"": ""random"", ""test_count"": 5}",SUCCESS,28.594,experiments\run_042\checkpoint.pt,,,,,,,,,
run_043,2026-07-17T06:09:23+00:00,8a90ecaca59d5859191d24badc304efd778eb1f4,pdbbind2020_local,ac339703b3198cab17f013fd8ad4fb62f04d55ec1aa47183778ff5b9e70a3466,dfa8fb25883bcd7d5e091b1d256ada63665b81221bbb991f12e99298dbfba040,random,123,0.6713541124252295,"{""best_epoch"": 4, ""bias"": -0.3181040287017822, ""config_hash"": ""dfa8fb25883bcd7d5e091b1d256ada63665b81221bbb991f12e99298dbfba040"", ""dataset_hash"": ""ac339703b3198cab17f013fd8ad4fb62f04d55ec1aa47183778ff5b9e70a3466"", ""dataset_version"": ""pdbbind2020_local"", ""effective_split_strategy"": ""random"", ""loss"": 1.708945631980896, ""mae"": 1.0655606746673585, ""mean_prediction"": 5.398730087280273, ""median_absolute_error"": 0.6459417343139648, ""mse"": 1.7089455916106657, ""pcc"": -0.8411390854183232, ""r2"": -0.10000870864473677, ""rmse"": 1.3072664577700546, ""seed"": 123, ""spearman"": -0.7, ""split_strategy"": ""random"", ""test_count"": 5}",SUCCESS,31.688,experiments\run_043\checkpoint.pt,,,,,,,,,
run_044,2026-07-17T06:09:24+00:00,8a90ecaca59d5859191d24badc304efd778eb1f4,pdbbind2020_local,ac339703b3198cab17f013fd8ad4fb62f04d55ec1aa47183778ff5b9e70a3466,02b132c955480be012a607ec52f019b7dd37a8b5631e9eb26726499543bae779,random,123,0.5596067293103743,"{""best_epoch"": 5, ""bias"": -0.46137261390686035, ""config_hash"": ""02b132c955480be012a607ec52f019b7dd37a8b5631e9eb26726499543bae779"", ""dataset_hash"": ""ac339703b3198cab17f013fd8ad4fb62f04d55ec1aa47183778ff5b9e70a3466"", ""dataset_version"": ""pdbbind2020_local"", ""effective_split_strategy"": ""random"", ""loss"": 2.384964942932129, ""mae"": 1.1642032146453858, ""mean_prediction"": 5.255461502075195, ""median_absolute_error"": 0.5084209442138672, ""mse"": 2.3849650081041203, ""pcc"": -0.6423025276505142, ""r2"": -0.5351467545873647, ""rmse"": 1.5443331920619074, ""seed"": 123, ""spearman"": -0.1, ""split_strategy"": ""random"", ""test_count"": 5}",SUCCESS,27.969,experiments\run_044\checkpoint.pt,,,,,,,,,
run_045,2026-07-17T06:09:59+00:00,8a90ecaca59d5859191d24badc304efd778eb1f4,pdbbind2020_local,334d8947d6abd412c059c7c46d528ef4475fe521a1c8d213afd2fa8a00e4ee69,cbd006477325adc4dc36b94fb604517eefc74917a66229399dd94c7501b54de4,random,777,2.016342541550915,"{""best_epoch"": 4, ""bias"": -0.3746891975402832, ""config_hash"": ""cbd006477325adc4dc36b94fb604517eefc74917a66229399dd94c7501b54de4"", ""dataset_hash"": ""334d8947d6abd412c059c7c46d528ef4475fe521a1c8d213afd2fa8a00e4ee69"", ""dataset_version"": ""pdbbind2020_local"", ""effective_split_strategy"": ""random"", ""loss"": 0.9563166499137878, ""mae"": 0.5898320198059082, ""mean_prediction"": 5.48767786026001, ""median_absolute_error"": 0.2768974304199219, ""mse"": 0.9563166365431698, ""pcc"": -0.5853738860175628, ""r2"": -0.2707712820351851, ""rmse"": 0.9779144321172327, ""seed"": 777, ""spearman"": -0.1, ""split_strategy"": ""random"", ""test_count"": 5}",SUCCESS,30.531,experiments\run_045\checkpoint.pt,,,,,,,,,
run_046,2026-07-17T06:09:57+00:00,8a90ecaca59d5859191d24badc304efd778eb1f4,pdbbind2020_local,334d8947d6abd412c059c7c46d528ef4475fe521a1c8d213afd2fa8a00e4ee69,aaf0ce92399d822695f6c3e23c3e703b4a7f7aeb4eae1ce3ae2069fd2afb53f3,random,777,1.7075852107762197,"{""best_epoch"": 2, ""bias"": 0.6719207763671875, ""config_hash"": ""aaf0ce92399d822695f6c3e23c3e703b4a7f7aeb4eae1ce3ae2069fd2afb53f3"", ""dataset_hash"": ""334d8947d6abd412c059c7c46d528ef4475fe521a1c8d213afd2fa8a00e4ee69"", ""dataset_version"": ""pdbbind2020_local"", ""effective_split_strategy"": ""random"", ""loss"": 1.2185800075531006, ""mae"": 1.071082878112793, ""mean_prediction"": 6.534287834167481, ""median_absolute_error"": 0.9979052543640137, ""mse"": 1.2185800891852523, ""pcc"": -0.4412083873938403, ""r2"": -0.6192718217200956, ""rmse"": 1.1038931511633054, ""seed"": 777, ""spearman"": -0.3, ""split_strategy"": ""random"", ""test_count"": 5}",SUCCESS,28.125,experiments\run_046\checkpoint.pt,,,,,,,,,
run_047,2026-07-17T06:10:30+00:00,8a90ecaca59d5859191d24badc304efd778eb1f4,pdbbind2020_local,bb32227422f7b218779bf2f9c0f8e619edd88b057195fdcf9f4aef213fef1f1f,c9d2cfa1b6fe930feab8303ed685b08013f56c43e6b602037a02f6437b8b0cd3,random,2024,0.9727413930835399,"{""best_epoch"": 5, ""bias"": -0.9927674770355225, ""config_hash"": ""c9d2cfa1b6fe930feab8303ed685b08013f56c43e6b602037a02f6437b8b0cd3"", ""dataset_hash"": ""bb32227422f7b218779bf2f9c0f8e619edd88b057195fdcf9f4aef213fef1f1f"", ""dataset_version"": ""pdbbind2020_local"", ""effective_split_strategy"": ""random"", ""loss"": 2.870600461959839, ""mae"": 1.5592779636383056, ""mean_prediction"": 4.939373302459717, ""median_absolute_error"": 1.4980006217956543, ""mse"": 2.870600266032227, ""pcc"": 0.1188306340055874, ""r2"": -0.5107629104214344, ""rmse"": 1.6942845882649782, ""seed"": 2024, ""spearman"": -0.1, ""split_strategy"": ""random"", ""test_count"": 5}",SUCCESS,27.609,experiments\run_047\checkpoint.pt,,,,,,,,,
run_048,2026-07-17T06:10:34+00:00,8a90ecaca59d5859191d24badc304efd778eb1f4,pdbbind2020_local,bb32227422f7b218779bf2f9c0f8e619edd88b057195fdcf9f4aef213fef1f1f,6aea209d42e7608371a3288f553dc8d00b38a64fe52255896c8a1a06f2a0d38b,random,2024,1.0580079110875056,"{""best_epoch"": 4, ""bias"": -1.386122751235962, ""config_hash"": ""6aea209d42e7608371a3288f553dc8d00b38a64fe52255896c8a1a06f2a0d38b"", ""dataset_hash"": ""bb32227422f7b218779bf2f9c0f8e619edd88b057195fdcf9f4aef213fef1f1f"", ""dataset_version"": ""pdbbind2020_local"", ""effective_split_strategy"": ""random"", ""loss"": 3.995856761932373, ""mae"": 1.8169475078582764, ""mean_prediction"": 4.546018028259278, ""median_absolute_error"": 1.8711767196655273, ""mse"": 3.995857097935334, ""pcc"": -0.9292379124553056, ""r2"": -1.102972249511092, ""rmse"": 1.998964006163026, ""seed"": 2024, ""spearman"": -1.0, ""split_strategy"": ""random"", ""test_count"": 5}",SUCCESS,30.859,experiments\run_048\checkpoint.pt,,,,,,,,,
run_049,2026-07-17T06:11:03+00:00,8a90ecaca59d5859191d24badc304efd778eb1f4,pdbbind2020_local,73620bf3aece16ffc1849391e7746f84685ea3263eaf1b9957b4a65b879c03ca,d1e051d3860014194af6f7829d33771ad3b032044a29de7337b80110747295a8,random,3407,1.744008616746205,"{""best_epoch"": 2, ""bias"": -0.40868725776672366, ""config_hash"": ""d1e051d3860014194af6f7829d33771ad3b032044a29de7337b80110747295a8"", ""dataset_hash"": ""73620bf3aece16ffc1849391e7746f84685ea3263eaf1b9957b4a65b879c03ca"", ""dataset_version"": ""pdbbind2020_local"", ""effective_split_strategy"": ""random"", ""loss"": 5.3992390632629395, ""mae"": 1.7331206798553467, ""mean_prediction"": 5.340420341491699, ""median_absolute_error"": 1.3898160457611084, ""mse"": 5.399238572908064, ""pcc"": 0.801399413799913, ""r2"": -0.02507395622456743, ""rmse"": 2.3236261689239224, ""seed"": 3407, ""spearman"": 0.0, ""split_strategy"": ""random"", ""test_count"": 5}",SUCCESS,27.031,experiments\run_049\checkpoint.pt,,,,,,,,,
run_050,2026-07-17T06:11:11+00:00,8a90ecaca59d5859191d24badc304efd778eb1f4,pdbbind2020_local,73620bf3aece16ffc1849391e7746f84685ea3263eaf1b9957b4a65b879c03ca,8470ab19a3ab70210eb11ad9f907d6ebdafedef2aecc69b5a22d2288306b4152,random,3407,1.5164591487764612,"{""best_epoch"": 5, ""bias"": 0.2844513416290283, ""config_hash"": ""8470ab19a3ab70210eb11ad9f907d6ebdafedef2aecc69b5a22d2288306b4152"", ""dataset_hash"": ""73620bf3aece16ffc1849391e7746f84685ea3263eaf1b9957b4a65b879c03ca"", ""dataset_version"": ""pdbbind2020_local"", ""effective_split_strategy"": ""random"", ""loss"": 5.24346923828125, ""mae"": 1.8576979160308837, ""mean_prediction"": 6.033558940887451, ""median_absolute_error"": 2.0739834308624268, ""mse"": 5.243469163498787, ""pcc"": 0.9387547246630557, ""r2"": 0.004499688763660914, ""rmse"": 2.289862258630153, ""seed"": 3407, ""spearman"": 1.0, ""split_strategy"": ""random"", ""test_count"": 5}",SUCCESS,31.219,experiments\run_050\checkpoint.pt,,,,,,,,,
2026-07-17 06:12:09,protliggnn_benchmark,equivariant,1.5686,1.3216,REJECTED,,,,,,,,,,,,,,,,
2026-07-17 06:12:14,protliggnn_benchmark,foundation_hybrid,1.5022,1.2451,PROMOTE,,,,,,,,,,,,,,,,
run_051,2026-07-17T06:16:44+00:00,8a90ecaca59d5859191d24badc304efd778eb1f4,pdbbind2020_local,7c2f7525c9aa1378d2524ae2653c5e637bc5ce8e791be1fc9a27fbab6e04478b,1561603f34b8dd29bb35c23b5b79e6fcd8e79fb60c85fb14c6bdec0209517eb9,random,42,1.3705983146851173,"{""best_epoch"": 5, ""bias"": 0.6015350818634033, ""config_hash"": ""1561603f34b8dd29bb35c23b5b79e6fcd8e79fb60c85fb14c6bdec0209517eb9"", ""dataset_hash"": ""7c2f7525c9aa1378d2524ae2653c5e637bc5ce8e791be1fc9a27fbab6e04478b"", ""dataset_version"": ""pdbbind2020_local"", ""effective_split_strategy"": ""random"", ""loss"": 0.8776671290397644, ""mae"": 0.89561448097229, ""mean_prediction"": 5.1974647521972654, ""median_absolute_error"": 0.9665942192077637, ""mse"": 0.8776671358133286, ""pcc"": -0.4804117716678623, ""r2"": -0.8408954122744188, ""rmse"": 0.9368389060096344, ""seed"": 42, ""spearman"": -0.3, ""split_strategy"": ""random"", ""test_count"": 5}",SUCCESS,25.000,experiments\run_051\checkpoint.pt,,,,,,,,,
run_052,2026-07-17T06:17:13+00:00,8a90ecaca59d5859191d24badc304efd778eb1f4,pdbbind2020_local,ac339703b3198cab17f013fd8ad4fb62f04d55ec1aa47183778ff5b9e70a3466,dfa8fb25883bcd7d5e091b1d256ada63665b81221bbb991f12e99298dbfba040,random,123,0.6713541124252295,"{""best_epoch"": 4, ""bias"": -0.3181040287017822, ""config_hash"": ""dfa8fb25883bcd7d5e091b1d256ada63665b81221bbb991f12e99298dbfba040"", ""dataset_hash"": ""ac339703b3198cab17f013fd8ad4fb62f04d55ec1aa47183778ff5b9e70a3466"", ""dataset_version"": ""pdbbind2020_local"", ""effective_split_strategy"": ""random"", ""loss"": 1.708945631980896, ""mae"": 1.0655606746673585, ""mean_prediction"": 5.398730087280273, ""median_absolute_error"": 0.6459417343139648, ""mse"": 1.7089455916106657, ""pcc"": -0.8411390854183232, ""r2"": -0.10000870864473677, ""rmse"": 1.3072664577700546, ""seed"": 123, ""spearman"": -0.7, ""split_strategy"": ""random"", ""test_count"": 5}",SUCCESS,24.500,experiments\run_052\checkpoint.pt,,,,,,,,,
run_053,2026-07-17T06:17:41+00:00,8a90ecaca59d5859191d24badc304efd778eb1f4,pdbbind2020_local,334d8947d6abd412c059c7c46d528ef4475fe521a1c8d213afd2fa8a00e4ee69,cbd006477325adc4dc36b94fb604517eefc74917a66229399dd94c7501b54de4,random,777,2.016342541550915,"{""best_epoch"": 4, ""bias"": -0.3746891975402832, ""config_hash"": ""cbd006477325adc4dc36b94fb604517eefc74917a66229399dd94c7501b54de4"", ""dataset_hash"": ""334d8947d6abd412c059c7c46d528ef4475fe521a1c8d213afd2fa8a00e4ee69"", ""dataset_version"": ""pdbbind2020_local"", ""effective_split_strategy"": ""random"", ""loss"": 0.9563166499137878, ""mae"": 0.5898320198059082, ""mean_prediction"": 5.48767786026001, ""median_absolute_error"": 0.2768974304199219, ""mse"": 0.9563166365431698, ""pcc"": -0.5853738860175628, ""r2"": -0.2707712820351851, ""rmse"": 0.9779144321172327, ""seed"": 777, ""spearman"": -0.1, ""split_strategy"": ""random"", ""test_count"": 5}",SUCCESS,23.844,experiments\run_053\checkpoint.pt,,,,,,,,,
run_054,2026-07-17T06:18:10+00:00,8a90ecaca59d5859191d24badc304efd778eb1f4,pdbbind2020_local,bb32227422f7b218779bf2f9c0f8e619edd88b057195fdcf9f4aef213fef1f1f,6aea209d42e7608371a3288f553dc8d00b38a64fe52255896c8a1a06f2a0d38b,random,2024,1.0580079110875056,"{""best_epoch"": 4, ""bias"": -1.386122751235962, ""config_hash"": ""6aea209d42e7608371a3288f553dc8d00b38a64fe52255896c8a1a06f2a0d38b"", ""dataset_hash"": ""bb32227422f7b218779bf2f9c0f8e619edd88b057195fdcf9f4aef213fef1f1f"", ""dataset_version"": ""pdbbind2020_local"", ""effective_split_strategy"": ""random"", ""loss"": 3.995856761932373, ""mae"": 1.8169475078582764, ""mean_prediction"": 4.546018028259278, ""median_absolute_error"": 1.8711767196655273, ""mse"": 3.995857097935334, ""pcc"": -0.9292379124553056, ""r2"": -1.102972249511092, ""rmse"": 1.998964006163026, ""seed"": 2024, ""spearman"": -1.0, ""split_strategy"": ""random"", ""test_count"": 5}",SUCCESS,24.203,experiments\run_054\checkpoint.pt,,,,,,,,,
run_055,2026-07-17T06:18:39+00:00,8a90ecaca59d5859191d24badc304efd778eb1f4,pdbbind2020_local,73620bf3aece16ffc1849391e7746f84685ea3263eaf1b9957b4a65b879c03ca,8470ab19a3ab70210eb11ad9f907d6ebdafedef2aecc69b5a22d2288306b4152,random,3407,1.5164591487764612,"{""best_epoch"": 5, ""bias"": 0.2844513416290283, ""config_hash"": ""8470ab19a3ab70210eb11ad9f907d6ebdafedef2aecc69b5a22d2288306b4152"", ""dataset_hash"": ""73620bf3aece16ffc1849391e7746f84685ea3263eaf1b9957b4a65b879c03ca"", ""dataset_version"": ""pdbbind2020_local"", ""effective_split_strategy"": ""random"", ""loss"": 5.24346923828125, ""mae"": 1.8576979160308837, ""mean_prediction"": 6.033558940887451, ""median_absolute_error"": 2.0739834308624268, ""mse"": 5.243469163498787, ""pcc"": 0.9387547246630557, ""r2"": 0.004499688763660914, ""rmse"": 2.289862258630153, ""seed"": 3407, ""spearman"": 1.0, ""split_strategy"": ""random"", ""test_count"": 5}",SUCCESS,24.438,experiments\run_055\checkpoint.pt,,,,,,,,,
2026-07-17 06:19:42,protliggnn_benchmark,foundation_hybrid,1.5022,1.2451,PROMOTE,,,,,,,,,,,,,,,,
run_056,2026-07-17T06:20:10+00:00,8a90ecaca59d5859191d24badc304efd778eb1f4,pdbbind2020_local,7c2f7525c9aa1378d2524ae2653c5e637bc5ce8e791be1fc9a27fbab6e04478b,6a982731704a84ae7b261fdac96a77c6ec01f8447a8a687f84b4353521870a03,random,42,1.3286482715761339,"{""best_epoch"": 2, ""bias"": 0.9491693019866944, ""config_hash"": ""6a982731704a84ae7b261fdac96a77c6ec01f8447a8a687f84b4353521870a03"", ""dataset_hash"": ""7c2f7525c9aa1378d2524ae2653c5e637bc5ce8e791be1fc9a27fbab6e04478b"", ""dataset_version"": ""pdbbind2020_local"", ""effective_split_strategy"": ""random"", ""loss"": 1.3852612972259521, ""mae"": 1.0804276943206788, ""mean_prediction"": 5.545098972320557, ""median_absolute_error"": 1.2753853797912598, ""mse"": 1.3852613500011217, ""pcc"": -0.1611647124226475, ""r2"": -1.9055676804566137, ""rmse"": 1.1769712613318652, ""seed"": 42, ""spearman"": -0.2, ""split_strategy"": ""random"", ""test_count"": 5}",SUCCESS,20.641,experiments\run_056\checkpoint.pt,,,,,,,,,
run_057,2026-07-17T06:20:35+00:00,8a90ecaca59d5859191d24badc304efd778eb1f4,pdbbind2020_local,ac339703b3198cab17f013fd8ad4fb62f04d55ec1aa47183778ff5b9e70a3466,02b132c955480be012a607ec52f019b7dd37a8b5631e9eb26726499543bae779,random,123,0.5596067293103743,"{""best_epoch"": 5, ""bias"": -0.46137261390686035, ""config_hash"": ""02b132c955480be012a607ec52f019b7dd37a8b5631e9eb26726499543bae779"", ""dataset_hash"": ""ac339703b3198cab17f013fd8ad4fb62f04d55ec1aa47183778ff5b9e70a3466"", ""dataset_version"": ""pdbbind2020_local"", ""effective_split_strategy"": ""random"", ""loss"": 2.384964942932129, ""mae"": 1.1642032146453858, ""mean_prediction"": 5.255461502075195, ""median_absolute_error"": 0.5084209442138672, ""mse"": 2.3849650081041203, ""pcc"": -0.6423025276505142, ""r2"": -0.5351467545873647, ""rmse"": 1.5443331920619074, ""seed"": 123, ""spearman"": -0.1, ""split_strategy"": ""random"", ""test_count"": 5}",SUCCESS,21.297,experiments\run_057\checkpoint.pt,,,,,,,,,
run_058,2026-07-17T06:21:01+00:00,8a90ecaca59d5859191d24badc304efd778eb1f4,pdbbind2020_local,334d8947d6abd412c059c7c46d528ef4475fe521a1c8d213afd2fa8a00e4ee69,aaf0ce92399d822695f6c3e23c3e703b4a7f7aeb4eae1ce3ae2069fd2afb53f3,random,777,1.7075852107762197,"{""best_epoch"": 2, ""bias"": 0.6719207763671875, ""config_hash"": ""aaf0ce92399d822695f6c3e23c3e703b4a7f7aeb4eae1ce3ae2069fd2afb53f3"", ""dataset_hash"": ""334d8947d6abd412c059c7c46d528ef4475fe521a1c8d213afd2fa8a00e4ee69"", ""dataset_version"": ""pdbbind2020_local"", ""effective_split_strategy"": ""random"", ""loss"": 1.2185800075531006, ""mae"": 1.071082878112793, ""mean_prediction"": 6.534287834167481, ""median_absolute_error"": 0.9979052543640137, ""mse"": 1.2185800891852523, ""pcc"": -0.4412083873938403, ""r2"": -0.6192718217200956, ""rmse"": 1.1038931511633054, ""seed"": 777, ""spearman"": -0.3, ""split_strategy"": ""random"", ""test_count"": 5}",SUCCESS,21.265,experiments\run_058\checkpoint.pt,,,,,,,,,
run_059,2026-07-17T06:21:58+00:00,8a90ecaca59d5859191d24badc304efd778eb1f4,pdbbind2020_local,bb32227422f7b218779bf2f9c0f8e619edd88b057195fdcf9f4aef213fef1f1f,c9d2cfa1b6fe930feab8303ed685b08013f56c43e6b602037a02f6437b8b0cd3,random,2024,0.9727413930835399,"{""best_epoch"": 5, ""bias"": -0.9927674770355225, ""config_hash"": ""c9d2cfa1b6fe930feab8303ed685b08013f56c43e6b602037a02f6437b8b0cd3"", ""dataset_hash"": ""bb32227422f7b218779bf2f9c0f8e619edd88b057195fdcf9f4aef213fef1f1f"", ""dataset_version"": ""pdbbind2020_local"", ""effective_split_strategy"": ""random"", ""loss"": 2.870600461959839, ""mae"": 1.5592779636383056, ""mean_prediction"": 4.939373302459717, ""median_absolute_error"": 1.4980006217956543, ""mse"": 2.870600266032227, ""pcc"": 0.1188306340055874, ""r2"": -0.5107629104214344, ""rmse"": 1.6942845882649782, ""seed"": 2024, ""spearman"": -0.1, ""split_strategy"": ""random"", ""test_count"": 5}",SUCCESS,22.390,experiments\run_059\checkpoint.pt,,,,,,,,,
2026-07-17 06:23:27,protliggnn_benchmark,equivariant,1.5686,1.3216,REJECTED
