Filename,Original Path,New Path,Category,Phase,File Type,Status,Checksum
01_Equivariant_Benchmark_Report.md,C:\Users\Harshhhh\.gemini\antigravity\brain\03c21182-9e56-4764-a6fd-83660d6d0fc1\01_Equivariant_Benchmark_Report.md,d:\ProtLigGnn\docs\Research_Notes\01_Equivariant_Benchmark_Report.md,Documentation,N/A,md,Migrated,376f70f108145497475dfe8269b2db72793f7df1883e39e60d560ec89ffc3a40
01_Explainability_Benchmark_Report.md,C:\Users\Harshhhh\.gemini\antigravity\brain\03c21182-9e56-4764-a6fd-83660d6d0fc1\01_Explainability_Benchmark_Report.md,d:\ProtLigGnn\docs\Research_Notes\01_Explainability_Benchmark_Report.md,Documentation,N/A,md,Migrated,9db1d92cf985c1689ea0383c70a8ac81ab51b915699341ce84ed5ce03e4c1649
01_Hybrid_Benchmark_Report.md,C:\Users\Harshhhh\.gemini\antigravity\brain\03c21182-9e56-4764-a6fd-83660d6d0fc1\01_Hybrid_Benchmark_Report.md,d:\ProtLigGnn\docs\Research_Notes\01_Hybrid_Benchmark_Report.md,Documentation,N/A,md,Migrated,8ae07c51f061eaf6c5b84c96ee1660c6e2c0554d167f6384281538a24766d2d5
01_Integration_Report.md,C:\Users\Harshhhh\.gemini\antigravity\brain\03c21182-9e56-4764-a6fd-83660d6d0fc1\01_Integration_Report.md,d:\ProtLigGnn\docs\Research_Notes\01_Integration_Report.md,Documentation,N/A,md,Migrated,14ac526b8d3b90f30d0ae335e778441de58694491cdfdc77eed8471ab1b8a20e
01_Ligand_Benchmark_Report.md,C:\Users\Harshhhh\.gemini\antigravity\brain\03c21182-9e56-4764-a6fd-83660d6d0fc1\01_Ligand_Benchmark_Report.md,d:\ProtLigGnn\docs\Research_Notes\01_Ligand_Benchmark_Report.md,Documentation,N/A,md,Migrated,df00502215e87dfd000769270bbc540cf64c820cce1222151ace714cff3f13f2
01_Protein_Benchmark_Report.md,C:\Users\Harshhhh\.gemini\antigravity\brain\03c21182-9e56-4764-a6fd-83660d6d0fc1\01_Protein_Benchmark_Report.md,d:\ProtLigGnn\docs\Research_Notes\01_Protein_Benchmark_Report.md,Documentation,N/A,md,Migrated,cfb1fe8dc67bb110175f4a8bae3e3ec1956d59c3d0e6b109b3e6c0a5963515d7
01_Robustness_Benchmark_Report.md,C:\Users\Harshhhh\.gemini\antigravity\brain\03c21182-9e56-4764-a6fd-83660d6d0fc1\01_Robustness_Benchmark_Report.md,d:\ProtLigGnn\docs\Research_Notes\01_Robustness_Benchmark_Report.md,Documentation,N/A,md,Migrated,33185286eae7ec817d6cde67602d3465c0d49f1363acd97142e1e224298f93c4
01_Uncertainty_Benchmark_Report.md,C:\Users\Harshhhh\.gemini\antigravity\brain\03c21182-9e56-4764-a6fd-83660d6d0fc1\01_Uncertainty_Benchmark_Report.md,d:\ProtLigGnn\docs\Research_Notes\01_Uncertainty_Benchmark_Report.md,Documentation,N/A,md,Migrated,9a98ab5955b21d8a3675c474bca6d2479376113ad233c2155c84b8ccb34a7a20
02_Calibration_Report.md,C:\Users\Harshhhh\.gemini\antigravity\brain\03c21182-9e56-4764-a6fd-83660d6d0fc1\02_Calibration_Report.md,d:\ProtLigGnn\docs\Research_Notes\02_Calibration_Report.md,Documentation,N/A,md,Migrated,d0fc31be32a28a48e1bbc4c169ce8816358e8ce510d5e143d9275810e6fda434
02_Equivariance_Verification_Report.md,C:\Users\Harshhhh\.gemini\antigravity\brain\03c21182-9e56-4764-a6fd-83660d6d0fc1\02_Equivariance_Verification_Report.md,d:\ProtLigGnn\docs\Research_Notes\02_Equivariance_Verification_Report.md,Documentation,N/A,md,Migrated,54906ce23ed9a38b3ffcf3522deafabb1994774ed4319faf1a03a6054c50ca59
02_Fusion_Strategy_Report.md,C:\Users\Harshhhh\.gemini\antigravity\brain\03c21182-9e56-4764-a6fd-83660d6d0fc1\02_Fusion_Strategy_Report.md,d:\ProtLigGnn\docs\Research_Notes\02_Fusion_Strategy_Report.md,Documentation,N/A,md,Migrated,12e16f924509e3db48a6027a51c6ad7829ecce041fcad914ba28a600191a19bf
02_Integrated_Gradients_Report.md,C:\Users\Harshhhh\.gemini\antigravity\brain\03c21182-9e56-4764-a6fd-83660d6d0fc1\02_Integrated_Gradients_Report.md,d:\ProtLigGnn\docs\Research_Notes\02_Integrated_Gradients_Report.md,Documentation,N/A,md,Migrated,7d143efb31846ea7e6b7f6b0c1c176b150db7ed1f9aefcf1f97a59a808cfa0a8
02_Interface_Report.md,C:\Users\Harshhhh\.gemini\antigravity\brain\03c21182-9e56-4764-a6fd-83660d6d0fc1\02_Interface_Report.md,d:\ProtLigGnn\docs\Research_Notes\02_Interface_Report.md,Documentation,N/A,md,Migrated,ca20b20249b977ea13153ca5169269e23e8c6ad9d7af82d59ff5dc10b864a22f
02_Noise_Analysis_Report.md,C:\Users\Harshhhh\.gemini\antigravity\brain\03c21182-9e56-4764-a6fd-83660d6d0fc1\02_Noise_Analysis_Report.md,d:\ProtLigGnn\docs\Research_Notes\02_Noise_Analysis_Report.md,Documentation,N/A,md,Migrated,a6534b4b6bdd7b78f8f86284649d901bfb8de944dfced175d44f4522c9d9edd7
02_Representation_Learning_Report.md,C:\Users\Harshhhh\.gemini\antigravity\brain\03c21182-9e56-4764-a6fd-83660d6d0fc1\02_Representation_Learning_Report.md,d:\ProtLigGnn\docs\Research_Notes\02_Representation_Learning_Report.md,Documentation,N/A,md,Migrated,abda4f51c8353da467e1def53750c3e464c4643be174f6992e40b43b990cef86
03_Attention_Rollout_Report.md,C:\Users\Harshhhh\.gemini\antigravity\brain\03c21182-9e56-4764-a6fd-83660d6d0fc1\03_Attention_Rollout_Report.md,d:\ProtLigGnn\docs\Research_Notes\03_Attention_Rollout_Report.md,Documentation,N/A,md,Migrated,4bb33f703cfc047bc3913edd066cac7bb29c5c0fc4469394fe61920e17915849
03_Embedding_Quality_Report.md,C:\Users\Harshhhh\.gemini\antigravity\brain\03c21182-9e56-4764-a6fd-83660d6d0fc1\03_Embedding_Quality_Report.md,d:\ProtLigGnn\docs\Research_Notes\03_Embedding_Quality_Report.md,Documentation,N/A,md,Migrated,0618987a6a626628c02f9be1c99b82a74f3c1cf8d7b69f6f90afb1562b1db1a4
03_Geometric_Analysis_Report.md,C:\Users\Harshhhh\.gemini\antigravity\brain\03c21182-9e56-4764-a6fd-83660d6d0fc1\03_Geometric_Analysis_Report.md,d:\ProtLigGnn\docs\Research_Notes\03_Geometric_Analysis_Report.md,Documentation,N/A,md,Migrated,5d5f653d73bfedb108145ce514cf19d070de30985a893cfd8823bb734b473e18
03_Multimodal_Representation_Report.md,C:\Users\Harshhhh\.gemini\antigravity\brain\03c21182-9e56-4764-a6fd-83660d6d0fc1\03_Multimodal_Representation_Report.md,d:\ProtLigGnn\docs\Research_Notes\03_Multimodal_Representation_Report.md,Documentation,N/A,md,Migrated,1981bfa62f1cd5f79f6fc2068b0cedcc6fe852b13148aab22402de69738579dc
03_OOD_Report.md,C:\Users\Harshhhh\.gemini\antigravity\brain\03c21182-9e56-4764-a6fd-83660d6d0fc1\03_OOD_Report.md,d:\ProtLigGnn\docs\Research_Notes\03_OOD_Report.md,Documentation,N/A,md,Migrated,942ce93f1f6a3c0225cd4fe959ea58a8c678f0ad15ad52e1b4d8659b695c228f
03_Regression_Report.md,C:\Users\Harshhhh\.gemini\antigravity\brain\03c21182-9e56-4764-a6fd-83660d6d0fc1\03_Regression_Report.md,d:\ProtLigGnn\docs\Research_Notes\03_Regression_Report.md,Documentation,N/A,md,Migrated,6702c53eb3181070e4b26e65759a1a685c4f776f47bd2d9c82baf71402262017
03_Reliability_Report.md,C:\Users\Harshhhh\.gemini\antigravity\brain\03c21182-9e56-4764-a6fd-83660d6d0fc1\03_Reliability_Report.md,d:\ProtLigGnn\docs\Research_Notes\03_Reliability_Report.md,Documentation,N/A,md,Migrated,dd855252ee07642442b221606b32935890082da849efb876a6c86c916e907246
04_Attention_Analysis_Report.md,C:\Users\Harshhhh\.gemini\antigravity\brain\03c21182-9e56-4764-a6fd-83660d6d0fc1\04_Attention_Analysis_Report.md,d:\ProtLigGnn\docs\Research_Notes\04_Attention_Analysis_Report.md,Documentation,N/A,md,Migrated,2fdd8f3f03bc991dd358b6930db7603386e366019c1fe8b0992c5177aa110208
04_Compatibility_Report.md,C:\Users\Harshhhh\.gemini\antigravity\brain\03c21182-9e56-4764-a6fd-83660d6d0fc1\04_Compatibility_Report.md,d:\ProtLigGnn\docs\Research_Notes\04_Compatibility_Report.md,Documentation,N/A,md,Migrated,d2fce2e1b3c5b61838b2731c22bc1d6553f3ab760d5121039d4b6ed3c62c48f8
04_Computational_Profile_Report.md,C:\Users\Harshhhh\.gemini\antigravity\brain\03c21182-9e56-4764-a6fd-83660d6d0fc1\04_Computational_Profile_Report.md,d:\ProtLigGnn\docs\Research_Notes\04_Computational_Profile_Report.md,Documentation,N/A,md,Migrated,f7db3867c4a4ea0c2b65922c32294a99545283157553fcbcd958a1876c391ce3
04_Occlusion_Report.md,C:\Users\Harshhhh\.gemini\antigravity\brain\03c21182-9e56-4764-a6fd-83660d6d0fc1\04_Occlusion_Report.md,d:\ProtLigGnn\docs\Research_Notes\04_Occlusion_Report.md,Documentation,N/A,md,Migrated,6305927fbb9dcd003affe65eedb90ae15862911e96abd7c0699e7374f45d288b
04_OOD_Report.md,C:\Users\Harshhhh\.gemini\antigravity\brain\03c21182-9e56-4764-a6fd-83660d6d0fc1\04_OOD_Report.md,d:\ProtLigGnn\docs\Research_Notes\04_OOD_Report.md,Documentation,N/A,md,Migrated,f02c170c4d03e623e9cc7af70f500eb65c1963527e51be129cc5901de70fa482
04_Representation_Report.md,C:\Users\Harshhhh\.gemini\antigravity\brain\03c21182-9e56-4764-a6fd-83660d6d0fc1\04_Representation_Report.md,d:\ProtLigGnn\docs\Research_Notes\04_Representation_Report.md,Documentation,N/A,md,Migrated,a17836c96bfab6793d1b4571e9fa24d56bdfbcc72db391e60bc8a0287659082a
04_Uncertainty_Stability_Report.md,C:\Users\Harshhhh\.gemini\antigravity\brain\03c21182-9e56-4764-a6fd-83660d6d0fc1\04_Uncertainty_Stability_Report.md,d:\ProtLigGnn\docs\Research_Notes\04_Uncertainty_Stability_Report.md,Documentation,N/A,md,Migrated,5157dba6924405c7c673ebb9bb277bed9a536a2df3822e747ee14bb6f82dad13
05_Alignment_Verification_Report.md,C:\Users\Harshhhh\.gemini\antigravity\brain\03c21182-9e56-4764-a6fd-83660d6d0fc1\05_Alignment_Verification_Report.md,d:\ProtLigGnn\docs\Research_Notes\05_Alignment_Verification_Report.md,Documentation,N/A,md,Migrated,9db1f23b7aa2a34ca88dd0bd0a0daf4d7191c761cf5f9e63cca8cc3c958fe816
05_Computational_Profile_Report.md,C:\Users\Harshhhh\.gemini\antigravity\brain\03c21182-9e56-4764-a6fd-83660d6d0fc1\05_Computational_Profile_Report.md,d:\ProtLigGnn\docs\Research_Notes\05_Computational_Profile_Report.md,Documentation,N/A,md,Migrated,7317dbe269ca023c9cd92d0a40a2b756d8c9a87abb6721c204490772d7c3f65c
05_Explainability_Stability_Report.md,C:\Users\Harshhhh\.gemini\antigravity\brain\03c21182-9e56-4764-a6fd-83660d6d0fc1\05_Explainability_Stability_Report.md,d:\ProtLigGnn\docs\Research_Notes\05_Explainability_Stability_Report.md,Documentation,N/A,md,Migrated,01a676758ead5a699cb3835f67b034986cfa67c3a2f0b0f9ae214c58f62b3ffc
05_Graph_Explanation_Report.md,C:\Users\Harshhhh\.gemini\antigravity\brain\03c21182-9e56-4764-a6fd-83660d6d0fc1\05_Graph_Explanation_Report.md,d:\ProtLigGnn\docs\Research_Notes\05_Graph_Explanation_Report.md,Documentation,N/A,md,Migrated,a1b6a39c585cb6b78643ab6468fcc319152b99c7d560a30d4d3c195a26d5b16d
05_Performance_Report.md,C:\Users\Harshhhh\.gemini\antigravity\brain\03c21182-9e56-4764-a6fd-83660d6d0fc1\05_Performance_Report.md,d:\ProtLigGnn\docs\Research_Notes\05_Performance_Report.md,Documentation,N/A,md,Migrated,a92cb3e3bb53036d0ec1b23c3baa0ff40885912d8dd2be9779a78556f4671b7b
05_Representation_Report.md,C:\Users\Harshhhh\.gemini\antigravity\brain\03c21182-9e56-4764-a6fd-83660d6d0fc1\05_Representation_Report.md,d:\ProtLigGnn\docs\Research_Notes\05_Representation_Report.md,Documentation,N/A,md,Migrated,d812fa1889336fab16d74df6ff702cbcabbd07250e8d2784375d7c6d4055d06c
05_Tokenization_Diagnostics_Report.md,C:\Users\Harshhhh\.gemini\antigravity\brain\03c21182-9e56-4764-a6fd-83660d6d0fc1\05_Tokenization_Diagnostics_Report.md,d:\ProtLigGnn\docs\Research_Notes\05_Tokenization_Diagnostics_Report.md,Documentation,N/A,md,Migrated,3ea2fb52e8114a16ffd9b79af18a6d02095cb66c2043c8f1afdbecf0b7c93727
06_Cache_Integrity_Report.md,C:\Users\Harshhhh\.gemini\antigravity\brain\03c21182-9e56-4764-a6fd-83660d6d0fc1\06_Cache_Integrity_Report.md,d:\ProtLigGnn\docs\Research_Notes\06_Cache_Integrity_Report.md,Documentation,N/A,md,Migrated,558c807536186eea912b2a6024a328733165c08d7135f697c25f8672260a38b7
06_Computational_Profile_Report.md,C:\Users\Harshhhh\.gemini\antigravity\brain\03c21182-9e56-4764-a6fd-83660d6d0fc1\06_Computational_Profile_Report.md,d:\ProtLigGnn\docs\Research_Notes\06_Computational_Profile_Report.md,Documentation,N/A,md,Migrated,5a0e0fa8c3e7b58d0a1db17f469279e34415fedbbccdb2f35a3ba87f54e8630e
06_Faithfulness_Report.md,C:\Users\Harshhhh\.gemini\antigravity\brain\03c21182-9e56-4764-a6fd-83660d6d0fc1\06_Faithfulness_Report.md,d:\ProtLigGnn\docs\Research_Notes\06_Faithfulness_Report.md,Documentation,N/A,md,Migrated,c648b0fce89914cc2090174ac8bf32229dbf878aa623f302ef5b4f9fb7e395aa
06_Interpretability_Report.md,C:\Users\Harshhhh\.gemini\antigravity\brain\03c21182-9e56-4764-a6fd-83660d6d0fc1\06_Interpretability_Report.md,d:\ProtLigGnn\docs\Research_Notes\06_Interpretability_Report.md,Documentation,N/A,md,Migrated,48974b367bf5f948469d6fb7481d49925c6e8acbda6719a4fa8dea42dcdfa28e
06_Representation_Report.md,C:\Users\Harshhhh\.gemini\antigravity\brain\03c21182-9e56-4764-a6fd-83660d6d0fc1\06_Representation_Report.md,d:\ProtLigGnn\docs\Research_Notes\06_Representation_Report.md,Documentation,N/A,md,Migrated,d7a160c50aa2098c068188db69fca03c08858499ba4bfecccf2416de8adfbde4
06_Statistical_Analysis_Report.md,C:\Users\Harshhhh\.gemini\antigravity\brain\03c21182-9e56-4764-a6fd-83660d6d0fc1\06_Statistical_Analysis_Report.md,d:\ProtLigGnn\docs\Research_Notes\06_Statistical_Analysis_Report.md,Documentation,N/A,md,Migrated,321bb1cad28f895e27341519064a2bcda6e8fa7f5837a70c01e2800da751d851
06_Testing_Report.md,C:\Users\Harshhhh\.gemini\antigravity\brain\03c21182-9e56-4764-a6fd-83660d6d0fc1\06_Testing_Report.md,d:\ProtLigGnn\docs\Research_Notes\06_Testing_Report.md,Documentation,N/A,md,Migrated,75b74d47fc6d15b5dc163edf5c6f461ddda84d57178f37cf9364580927f4c9c8
07_Alignment_Verification_Report.md,C:\Users\Harshhhh\.gemini\antigravity\brain\03c21182-9e56-4764-a6fd-83660d6d0fc1\07_Alignment_Verification_Report.md,d:\ProtLigGnn\docs\Research_Notes\07_Alignment_Verification_Report.md,Documentation,N/A,md,Migrated,2dd44217a935bac2e97a703b0deb41930d34cbe2d1a176065bdf3395142b6c4a
07_Computational_Profile_Report.md,C:\Users\Harshhhh\.gemini\antigravity\brain\03c21182-9e56-4764-a6fd-83660d6d0fc1\07_Computational_Profile_Report.md,d:\ProtLigGnn\docs\Research_Notes\07_Computational_Profile_Report.md,Documentation,N/A,md,Migrated,d69ad7d828c85eb15b770fe4987fa3d11322a6974b6b5c04d3a08dbc6e41f80a
07_Error_Analysis_Report.md,C:\Users\Harshhhh\.gemini\antigravity\brain\03c21182-9e56-4764-a6fd-83660d6d0fc1\07_Error_Analysis_Report.md,d:\ProtLigGnn\docs\Research_Notes\07_Error_Analysis_Report.md,Documentation,N/A,md,Migrated,0a5e48ae72c3cb9ea21d9d3030fa893e864f43877dfd9f824c0e798afb374103
07_Representation_Report.md,C:\Users\Harshhhh\.gemini\antigravity\brain\03c21182-9e56-4764-a6fd-83660d6d0fc1\07_Representation_Report.md,d:\ProtLigGnn\docs\Research_Notes\07_Representation_Report.md,Documentation,N/A,md,Migrated,b54cfa6690b889982c1f07d666670047214892f19bd075cb5c22a613d83cd126
07_Software_Architecture_Report.md,C:\Users\Harshhhh\.gemini\antigravity\brain\03c21182-9e56-4764-a6fd-83660d6d0fc1\07_Software_Architecture_Report.md,d:\ProtLigGnn\docs\Research_Notes\07_Software_Architecture_Report.md,Documentation,N/A,md,Migrated,472299fae57e50a65256908d0c29e6a287e0858cf0e4c04b16ba3eac89148689
07_Statistical_Analysis_Report.md,C:\Users\Harshhhh\.gemini\antigravity\brain\03c21182-9e56-4764-a6fd-83660d6d0fc1\07_Statistical_Analysis_Report.md,d:\ProtLigGnn\docs\Research_Notes\07_Statistical_Analysis_Report.md,Documentation,N/A,md,Migrated,640cae1d9add37710db77c9edf08ad5763928bba2d181507820ff5c2f4fc2908
08_Code_Quality_Report.md,C:\Users\Harshhhh\.gemini\antigravity\brain\03c21182-9e56-4764-a6fd-83660d6d0fc1\08_Code_Quality_Report.md,d:\ProtLigGnn\docs\Research_Notes\08_Code_Quality_Report.md,Documentation,N/A,md,Migrated,5ccf4aba79209093e6c24867d9a6d2f0b6e4f1498d0ca45a1d8113eb81ae9be2
08_Computational_Profile_Report.md,C:\Users\Harshhhh\.gemini\antigravity\brain\03c21182-9e56-4764-a6fd-83660d6d0fc1\08_Computational_Profile_Report.md,d:\ProtLigGnn\docs\Research_Notes\08_Computational_Profile_Report.md,Documentation,N/A,md,Migrated,990332a9456877d39cf5732da2fb09c583a9135e852e2945dc5edaf63f0b6d86
08_Data_Quality_Report.md,C:\Users\Harshhhh\.gemini\antigravity\brain\03c21182-9e56-4764-a6fd-83660d6d0fc1\08_Data_Quality_Report.md,d:\ProtLigGnn\docs\Research_Notes\08_Data_Quality_Report.md,Documentation,N/A,md,Migrated,c7ce62ed91dcffd515dab5801d67eb956c7de4d7b3d20fde7823227bac2d7ec5
08_Error_Analysis_Report.md,C:\Users\Harshhhh\.gemini\antigravity\brain\03c21182-9e56-4764-a6fd-83660d6d0fc1\08_Error_Analysis_Report.md,d:\ProtLigGnn\docs\Research_Notes\08_Error_Analysis_Report.md,Documentation,N/A,md,Migrated,0e27714a709a892c81033bacc14f027b681f56985ce513f30802eaaf51155011
08_Scientific_Audit_Report.md,C:\Users\Harshhhh\.gemini\antigravity\brain\03c21182-9e56-4764-a6fd-83660d6d0fc1\08_Scientific_Audit_Report.md,d:\ProtLigGnn\docs\Research_Notes\08_Scientific_Audit_Report.md,Documentation,N/A,md,Migrated,da1c86e490dda2396580d07179cba41ee27a100028c0019c254c4896f29d5b2c
08_Statistical_Analysis_Report.md,C:\Users\Harshhhh\.gemini\antigravity\brain\03c21182-9e56-4764-a6fd-83660d6d0fc1\08_Statistical_Analysis_Report.md,d:\ProtLigGnn\docs\Research_Notes\08_Statistical_Analysis_Report.md,Documentation,N/A,md,Migrated,c4b250c96488db66fc11f6de067a65250e84ef38e1445ae86259f281e61ce9e2
09_Error_Analysis_Report.md,C:\Users\Harshhhh\.gemini\antigravity\brain\03c21182-9e56-4764-a6fd-83660d6d0fc1\09_Error_Analysis_Report.md,d:\ProtLigGnn\docs\Research_Notes\09_Error_Analysis_Report.md,Documentation,N/A,md,Migrated,97452f9b096f1347e0a2f2bee55612d2b145b092236a9dc2902bbd4ed5b5778e
09_Promotion_Decision_Report.md,C:\Users\Harshhhh\.gemini\antigravity\brain\03c21182-9e56-4764-a6fd-83660d6d0fc1\09_Promotion_Decision_Report.md,d:\ProtLigGnn\docs\Research_Notes\09_Promotion_Decision_Report.md,Documentation,N/A,md,Migrated,ee739ae59bf5fae271768ac79887e53c533d37b9675759d9596586b288476331
09_Scientific_Audit_Report.md,C:\Users\Harshhhh\.gemini\antigravity\brain\03c21182-9e56-4764-a6fd-83660d6d0fc1\09_Scientific_Audit_Report.md,d:\ProtLigGnn\docs\Research_Notes\09_Scientific_Audit_Report.md,Documentation,N/A,md,Migrated,9b5fafb94d97c99e624284c15f414dd0ef4021c19c07ccfa63a1c22c374905e0
09_Statistical_Analysis_Report.md,C:\Users\Harshhhh\.gemini\antigravity\brain\03c21182-9e56-4764-a6fd-83660d6d0fc1\09_Statistical_Analysis_Report.md,d:\ProtLigGnn\docs\Research_Notes\09_Statistical_Analysis_Report.md,Documentation,N/A,md,Migrated,ebba15a999fb2ad2e5786eaefd64afb64e624979b973a9e8e1ee3065b77c0826
10_Production_Readiness_Report.md,C:\Users\Harshhhh\.gemini\antigravity\brain\03c21182-9e56-4764-a6fd-83660d6d0fc1\10_Production_Readiness_Report.md,d:\ProtLigGnn\docs\Research_Notes\10_Production_Readiness_Report.md,Documentation,N/A,md,Migrated,24627532d9ecc68a4141934109d78ff7bd1c56579daba055dbafdca17b789ebf
10_Promotion_Decision_Report.md,C:\Users\Harshhhh\.gemini\antigravity\brain\03c21182-9e56-4764-a6fd-83660d6d0fc1\10_Promotion_Decision_Report.md,d:\ProtLigGnn\docs\Research_Notes\10_Promotion_Decision_Report.md,Documentation,N/A,md,Migrated,64894c26601fbe4911f0601b9e58d3da785a691bdb9d411b7bdc89340853bbde
10_Readiness_Certificate.md,C:\Users\Harshhhh\.gemini\antigravity\brain\03c21182-9e56-4764-a6fd-83660d6d0fc1\10_Readiness_Certificate.md,d:\ProtLigGnn\docs\Research_Notes\10_Readiness_Certificate.md,Documentation,N/A,md,Migrated,38fcdd18bb9967f482ffbe29c20e848e9d5cd7153b4a399186a53e9087469072
10_Scientific_Audit_Report.md,C:\Users\Harshhhh\.gemini\antigravity\brain\03c21182-9e56-4764-a6fd-83660d6d0fc1\10_Scientific_Audit_Report.md,d:\ProtLigGnn\docs\Research_Notes\10_Scientific_Audit_Report.md,Documentation,N/A,md,Migrated,67830009f51b79d8d5eb58852070ce503307bd0ace68e2d052431eb41fbe5d65
11_Implementation_Verification_Report.md,C:\Users\Harshhhh\.gemini\antigravity\brain\03c21182-9e56-4764-a6fd-83660d6d0fc1\11_Implementation_Verification_Report.md,d:\ProtLigGnn\docs\Research_Notes\11_Implementation_Verification_Report.md,Documentation,N/A,md,Migrated,7119caaed30e162b0dffc96f2651e05403fda628531286cfed056ecaa6f377d4
11_Promotion_Decision_Report.md,C:\Users\Harshhhh\.gemini\antigravity\brain\03c21182-9e56-4764-a6fd-83660d6d0fc1\11_Promotion_Decision_Report.md,d:\ProtLigGnn\docs\Research_Notes\11_Promotion_Decision_Report.md,Documentation,N/A,md,Migrated,3806eb23367a937d1511a8caa2cf3248ecb2db770933e3595b816318aba2c702
11_Readiness_Certificate.md,C:\Users\Harshhhh\.gemini\antigravity\brain\03c21182-9e56-4764-a6fd-83660d6d0fc1\11_Readiness_Certificate.md,d:\ProtLigGnn\docs\Research_Notes\11_Readiness_Certificate.md,Documentation,N/A,md,Migrated,9daeef30cb313b84080e39776b14fc7a534afb2f4796cd47fd04fd71da0db904
12_Official_Phase4.1_Certification.md,C:\Users\Harshhhh\.gemini\antigravity\brain\03c21182-9e56-4764-a6fd-83660d6d0fc1\12_Official_Phase4.1_Certification.md,d:\ProtLigGnn\reports\Phase_4\12_Official_Phase4.1_Certification.md,Report,4.1,md,Migrated,d78d88f870cb559751baf320d18703651204847e76b7bfcbfad635553b0c89b1
12_Official_Phase4.1_Certification.pdf,C:\Users\Harshhhh\.gemini\antigravity\brain\03c21182-9e56-4764-a6fd-83660d6d0fc1\12_Official_Phase4.1_Certification.pdf,d:\ProtLigGnn\reports\Phase_4\12_Official_Phase4.1_Certification.pdf,Report,4.1,pdf,Migrated,208f671907976a2d45eba95999d7ae5d89833fb52366f9adf7fa059ba4a902ae
12_Official_Phase4.2_Certification.md,C:\Users\Harshhhh\.gemini\antigravity\brain\03c21182-9e56-4764-a6fd-83660d6d0fc1\12_Official_Phase4.2_Certification.md,d:\ProtLigGnn\reports\Phase_4\12_Official_Phase4.2_Certification.md,Report,4.2,md,Migrated,4cce90a926cafd473f5faaba8979160d012b5992e324862dd1df36b0863c3ca2
12_Official_Phase4.2_Certification.pdf,C:\Users\Harshhhh\.gemini\antigravity\brain\03c21182-9e56-4764-a6fd-83660d6d0fc1\12_Official_Phase4.2_Certification.pdf,d:\ProtLigGnn\reports\Phase_4\12_Official_Phase4.2_Certification.pdf,Report,4.2,pdf,Migrated,40760389f147a8959df2f0272f027106f51a3b80c6efddb281e7d98ec22b68a6
12_Official_Phase4.3_Certification.md,C:\Users\Harshhhh\.gemini\antigravity\brain\03c21182-9e56-4764-a6fd-83660d6d0fc1\12_Official_Phase4.3_Certification.md,d:\ProtLigGnn\reports\Phase_4\12_Official_Phase4.3_Certification.md,Report,4.3,md,Migrated,e8651cf59832825de672150940c02cb3b35e96aa742b55a7b01bed5735dcd3cd
12_Official_Phase4.3_Certification.pdf,C:\Users\Harshhhh\.gemini\antigravity\brain\03c21182-9e56-4764-a6fd-83660d6d0fc1\12_Official_Phase4.3_Certification.pdf,d:\ProtLigGnn\reports\Phase_4\12_Official_Phase4.3_Certification.pdf,Report,4.3,pdf,Migrated,15365cf747b37dcb82eae915c259368f042eeff17309ace1018ee93c40dab726
12_Official_Phase5.1_Certification.md,C:\Users\Harshhhh\.gemini\antigravity\brain\03c21182-9e56-4764-a6fd-83660d6d0fc1\12_Official_Phase5.1_Certification.md,d:\ProtLigGnn\reports\Phase_5\12_Official_Phase5.1_Certification.md,Report,5.1,md,Migrated,b70dd05528e79910f62f39949d8fd9d4c9a709b1ea3af5b297aaa1b6e7e383ec
12_Official_Phase5.1_Certification.pdf,C:\Users\Harshhhh\.gemini\antigravity\brain\03c21182-9e56-4764-a6fd-83660d6d0fc1\12_Official_Phase5.1_Certification.pdf,d:\ProtLigGnn\reports\Phase_5\12_Official_Phase5.1_Certification.pdf,Report,5.1,pdf,Migrated,bba7ec4502700b8077113571c5574289c288e948279d7fa8bf59209c132a3d70
12_Official_Phase5.2_Certification.md,C:\Users\Harshhhh\.gemini\antigravity\brain\03c21182-9e56-4764-a6fd-83660d6d0fc1\12_Official_Phase5.2_Certification.md,d:\ProtLigGnn\reports\Phase_5\12_Official_Phase5.2_Certification.md,Report,5.2,md,Migrated,4a2a3bda834486c54d0fb1801a9e9e3a9a2dfebc7b73a4c19095555655bc9184
12_Official_Phase5.2_Certification.pdf,C:\Users\Harshhhh\.gemini\antigravity\brain\03c21182-9e56-4764-a6fd-83660d6d0fc1\12_Official_Phase5.2_Certification.pdf,d:\ProtLigGnn\reports\Phase_5\12_Official_Phase5.2_Certification.pdf,Report,5.2,pdf,Migrated,956cadbb8c929593d59f69af364cc4bd81bf1ab9c108dc254e7f74e58275bf3e
12_Official_Phase5.3_Certification.md,C:\Users\Harshhhh\.gemini\antigravity\brain\03c21182-9e56-4764-a6fd-83660d6d0fc1\12_Official_Phase5.3_Certification.md,d:\ProtLigGnn\reports\Phase_5\12_Official_Phase5.3_Certification.md,Report,5.3,md,Migrated,39fb9dd6dbbde36d95d3e408840b1d5b4b1639739ff5c7232a28cf8fd4b0e65b
12_Official_Phase5.3_Certification.pdf,C:\Users\Harshhhh\.gemini\antigravity\brain\03c21182-9e56-4764-a6fd-83660d6d0fc1\12_Official_Phase5.3_Certification.pdf,d:\ProtLigGnn\reports\Phase_5\12_Official_Phase5.3_Certification.pdf,Report,5.3,pdf,Migrated,923febecd447ca6c4edf8a68c2679660ebb00599ca833c83a745e8b1c9cba93e
12_Official_Phase5.4_Certification.md,C:\Users\Harshhhh\.gemini\antigravity\brain\03c21182-9e56-4764-a6fd-83660d6d0fc1\12_Official_Phase5.4_Certification.md,d:\ProtLigGnn\reports\Phase_5\12_Official_Phase5.4_Certification.md,Report,5.4,md,Migrated,68d99d0838b89bd0940f4b6e468de210321cde0cb8763634fb37ccd7a10a9a86
12_Official_Phase5.4_Certification.pdf,C:\Users\Harshhhh\.gemini\antigravity\brain\03c21182-9e56-4764-a6fd-83660d6d0fc1\12_Official_Phase5.4_Certification.pdf,d:\ProtLigGnn\reports\Phase_5\12_Official_Phase5.4_Certification.pdf,Report,5.4,pdf,Migrated,98433e59eae5cd2d23ac98744a35000251fe2dd433c7c2ea40c4ad806f0aa0d3
12_Official_Phase5.5_Certification.md,C:\Users\Harshhhh\.gemini\antigravity\brain\03c21182-9e56-4764-a6fd-83660d6d0fc1\12_Official_Phase5.5_Certification.md,d:\ProtLigGnn\reports\Phase_5\12_Official_Phase5.5_Certification.md,Report,5.5,md,Migrated,347bcc918f097c7db85d070bc03b7836360c69265f141d5e73b0997750ae33d6
12_Official_Phase5.5_Certification.pdf,C:\Users\Harshhhh\.gemini\antigravity\brain\03c21182-9e56-4764-a6fd-83660d6d0fc1\12_Official_Phase5.5_Certification.pdf,d:\ProtLigGnn\reports\Phase_5\12_Official_Phase5.5_Certification.pdf,Report,5.5,pdf,Migrated,d6534a188452eeb0218a293732f9ce3e220948156aaeb91c19685808cfd62854
ABLATION_STUDY.md,C:\Users\Harshhhh\.gemini\antigravity\brain\03c21182-9e56-4764-a6fd-83660d6d0fc1\ABLATION_STUDY.md,d:\ProtLigGnn\docs\Research_Notes\ABLATION_STUDY.md,Documentation,N/A,md,Migrated,73e5fd78d7627d2f5303296d17b2b7f94bee6bd44e7076a75a935d4e90d46e2d
ABLATION_STUDY.md.metadata.json,C:\Users\Harshhhh\.gemini\antigravity\brain\03c21182-9e56-4764-a6fd-83660d6d0fc1\ABLATION_STUDY.md.metadata.json,d:\ProtLigGnn\artifacts\Metrics\ABLATION_STUDY.md.metadata.json,Metrics,N/A,json,Migrated,877623892412241c5da82ab6d5df0d2c3f57900719ad4cd22f690f7186c5ae0e
ablation_study_multi_seed.png,C:\Users\Harshhhh\.gemini\antigravity\brain\03c21182-9e56-4764-a6fd-83660d6d0fc1\ablation_study_multi_seed.png,d:\ProtLigGnn\artifacts\Figures\ablation_study_multi_seed.png,Figure,N/A,png,Migrated,1a978391d5ad41bb9e3f5eaff4e365c788bb10fe1b5abc11706c373ff5193f86
ARCHITECTURE_AUDIT.md,C:\Users\Harshhhh\.gemini\antigravity\brain\03c21182-9e56-4764-a6fd-83660d6d0fc1\ARCHITECTURE_AUDIT.md,d:\ProtLigGnn\docs\Research_Notes\ARCHITECTURE_AUDIT.md,Documentation,N/A,md,Migrated,3ca650d6bac07fe5b68da0309e11a965733b40e6d26faff11b8d3e5a2a9746f1
ARCHITECTURE_AUDIT.md.metadata.json,C:\Users\Harshhhh\.gemini\antigravity\brain\03c21182-9e56-4764-a6fd-83660d6d0fc1\ARCHITECTURE_AUDIT.md.metadata.json,d:\ProtLigGnn\artifacts\Metrics\ARCHITECTURE_AUDIT.md.metadata.json,Metrics,N/A,json,Migrated,355692a27bd7a0f56476a89ee3743ac9641c0b2cc24fcd31d292216c7b909ef8
attention_heads_multi_panel.png,C:\Users\Harshhhh\.gemini\antigravity\brain\03c21182-9e56-4764-a6fd-83660d6d0fc1\attention_heads_multi_panel.png,d:\ProtLigGnn\artifacts\Figures\attention_heads_multi_panel.png,Figure,N/A,png,Migrated,326c1170901434b7a0ff87248fe0380f9f693f504aa57dfafa0e267564baaaa5
attention_heatmap.png,C:\Users\Harshhhh\.gemini\antigravity\brain\03c21182-9e56-4764-a6fd-83660d6d0fc1\attention_heatmap.png,d:\ProtLigGnn\artifacts\Figures\attention_heatmap.png,Figure,N/A,png,Migrated,eaa9f76ce09f2debe5dc772ce304c90171cd6abc615f1ea6d5aecea032d4c4ea
attention_heatmap_best.png,C:\Users\Harshhhh\.gemini\antigravity\brain\03c21182-9e56-4764-a6fd-83660d6d0fc1\attention_heatmap_best.png,d:\ProtLigGnn\artifacts\Figures\attention_heatmap_best.png,Figure,N/A,png,Migrated,f8a41dfe67665197fdb15fe103f13d5e1fa3f36b90694382d8293e24eca97598
attention_heatmap_median.png,C:\Users\Harshhhh\.gemini\antigravity\brain\03c21182-9e56-4764-a6fd-83660d6d0fc1\attention_heatmap_median.png,d:\ProtLigGnn\artifacts\Figures\attention_heatmap_median.png,Figure,N/A,png,Migrated,623ff1065c1c630ca30ea165758967674fead298fd2dddc3bb1f237926f586ba
attention_heatmap_worst.png,C:\Users\Harshhhh\.gemini\antigravity\brain\03c21182-9e56-4764-a6fd-83660d6d0fc1\attention_heatmap_worst.png,d:\ProtLigGnn\artifacts\Figures\attention_heatmap_worst.png,Figure,N/A,png,Migrated,15c345a292601ccb4db4e24254c44c5d8925c393b91d4a261987b19e96f67e3a
BASELINE_v1.1_CERTIFICATE.md,C:\Users\Harshhhh\.gemini\antigravity\brain\03c21182-9e56-4764-a6fd-83660d6d0fc1\BASELINE_v1.1_CERTIFICATE.md,d:\ProtLigGnn\docs\Research_Notes\BASELINE_v1.1_CERTIFICATE.md,Documentation,N/A,md,Migrated,55d2565a0d14b60b44be47d54a2599337fea9b505893fe680181ea82d560d0cd
BASELINE_v1.1_CERTIFICATE.md.metadata.json,C:\Users\Harshhhh\.gemini\antigravity\brain\03c21182-9e56-4764-a6fd-83660d6d0fc1\BASELINE_v1.1_CERTIFICATE.md.metadata.json,d:\ProtLigGnn\artifacts\Metrics\BASELINE_v1.1_CERTIFICATE.md.metadata.json,Metrics,N/A,json,Migrated,ea960c21e347d3d9adeddefd9f84fb304ea0a34e95010502ef999462530f2f01
benchmark_dashboard.md,C:\Users\Harshhhh\.gemini\antigravity\brain\03c21182-9e56-4764-a6fd-83660d6d0fc1\benchmark_dashboard.md,d:\ProtLigGnn\docs\Research_Notes\benchmark_dashboard.md,Documentation,N/A,md,Migrated,db5bdff1bcb97e311c97132e9c8f67f17c83ad98bec4270ee101de9ea3170da9
benchmark_execution_strategy.md,C:\Users\Harshhhh\.gemini\antigravity\brain\03c21182-9e56-4764-a6fd-83660d6d0fc1\benchmark_execution_strategy.md,d:\ProtLigGnn\docs\Research_Notes\benchmark_execution_strategy.md,Documentation,N/A,md,Migrated,6a8edb9ce3944509e7b07ebbd41914381422791c242dd0e187192a6c2dc17cce
benchmark_execution_strategy.md.metadata.json,C:\Users\Harshhhh\.gemini\antigravity\brain\03c21182-9e56-4764-a6fd-83660d6d0fc1\benchmark_execution_strategy.md.metadata.json,d:\ProtLigGnn\artifacts\Metrics\benchmark_execution_strategy.md.metadata.json,Metrics,N/A,json,Migrated,58f12391f9a0a6e4abe1b3c7b4ce04c59a23fc4a5c460cafb14c79e7a906339b
BENCHMARK_STATUS_REPORT.md,C:\Users\Harshhhh\.gemini\antigravity\brain\03c21182-9e56-4764-a6fd-83660d6d0fc1\BENCHMARK_STATUS_REPORT.md,d:\ProtLigGnn\docs\Research_Notes\BENCHMARK_STATUS_REPORT.md,Documentation,N/A,md,Migrated,24fd359b0e887fd3169bede88f8b60762195bdf95dc49a90bf91b03cb10e4474
BENCHMARK_STATUS_REPORT.md.metadata.json,C:\Users\Harshhhh\.gemini\antigravity\brain\03c21182-9e56-4764-a6fd-83660d6d0fc1\BENCHMARK_STATUS_REPORT.md.metadata.json,d:\ProtLigGnn\artifacts\Metrics\BENCHMARK_STATUS_REPORT.md.metadata.json,Metrics,N/A,json,Migrated,ab55e646898fd45be2f81647cf51e770fb285c98893b125cd02e360eb11fddd5
benchmark_versioning.md,C:\Users\Harshhhh\.gemini\antigravity\brain\03c21182-9e56-4764-a6fd-83660d6d0fc1\benchmark_versioning.md,d:\ProtLigGnn\docs\Research_Notes\benchmark_versioning.md,Documentation,N/A,md,Migrated,5d7f9d432d176ea9ea087cf7d59d6621bfbe34b839a5aa0b39ac76a1f39bcbec
benchmark_versioning.md.metadata.json,C:\Users\Harshhhh\.gemini\antigravity\brain\03c21182-9e56-4764-a6fd-83660d6d0fc1\benchmark_versioning.md.metadata.json,d:\ProtLigGnn\artifacts\Metrics\benchmark_versioning.md.metadata.json,Metrics,N/A,json,Migrated,9073d26f3eb3c0d3521b1bebc0b28f32bd2c6a4250365c974a881e3652f90752
calibration_curve.png,C:\Users\Harshhhh\.gemini\antigravity\brain\03c21182-9e56-4764-a6fd-83660d6d0fc1\calibration_curve.png,d:\ProtLigGnn\artifacts\Figures\calibration_curve.png,Figure,N/A,png,Migrated,3fc6652827bf78eca0d82bf33f937db69b66e9a41f3211732d02ca1e3dbfa7b0
computational_profile.json,C:\Users\Harshhhh\.gemini\antigravity\brain\03c21182-9e56-4764-a6fd-83660d6d0fc1\computational_profile.json,d:\ProtLigGnn\artifacts\Metrics\computational_profile.json,Metrics,N/A,json,Migrated,88cb17f94130f79ced9db32e627d9cb785462b9b854ac6f13db2317a0e5043bb
document_1_model_catalogue.md,C:\Users\Harshhhh\.gemini\antigravity\brain\03c21182-9e56-4764-a6fd-83660d6d0fc1\document_1_model_catalogue.md,d:\ProtLigGnn\docs\Research_Notes\document_1_model_catalogue.md,Documentation,N/A,md,Migrated,e61ee1d735edc054fd16fb8f519564357ada99518b4a6f56095f8e1d90fae893
document_1_model_catalogue.md.metadata.json,C:\Users\Harshhhh\.gemini\antigravity\brain\03c21182-9e56-4764-a6fd-83660d6d0fc1\document_1_model_catalogue.md.metadata.json,d:\ProtLigGnn\artifacts\Metrics\document_1_model_catalogue.md.metadata.json,Metrics,N/A,json,Migrated,0031cc58d849a4d7144d86a68e9b3961ef607d8a78013d0e5d0bb938f3d23929
document_2_experimental_results.md,C:\Users\Harshhhh\.gemini\antigravity\brain\03c21182-9e56-4764-a6fd-83660d6d0fc1\document_2_experimental_results.md,d:\ProtLigGnn\docs\Research_Notes\document_2_experimental_results.md,Documentation,N/A,md,Migrated,d97f24c0750452767ba1813699d8e28b7263dee29a24ad7bec30333d695ab031
document_2_experimental_results.md.metadata.json,C:\Users\Harshhhh\.gemini\antigravity\brain\03c21182-9e56-4764-a6fd-83660d6d0fc1\document_2_experimental_results.md.metadata.json,d:\ProtLigGnn\artifacts\Metrics\document_2_experimental_results.md.metadata.json,Metrics,N/A,json,Migrated,ef30c3fb8566ab17a1b7414284506d54d75a61bc101bfdd888b785a4393be4bd
document_3_theory_textbook.md,C:\Users\Harshhhh\.gemini\antigravity\brain\03c21182-9e56-4764-a6fd-83660d6d0fc1\document_3_theory_textbook.md,d:\ProtLigGnn\docs\Research_Notes\document_3_theory_textbook.md,Documentation,N/A,md,Migrated,2f5ab8a373b8e3e60ba2bc6febea80eeb3bbb873c89a820bac8ec65e5a01a4d7
document_3_theory_textbook.md.metadata.json,C:\Users\Harshhhh\.gemini\antigravity\brain\03c21182-9e56-4764-a6fd-83660d6d0fc1\document_3_theory_textbook.md.metadata.json,d:\ProtLigGnn\artifacts\Metrics\document_3_theory_textbook.md.metadata.json,Metrics,N/A,json,Migrated,3da154e49c704047e2a4b682a58e9cc58ede03fb249bc398e1bfd66e2273ab56
document_4_system_architecture.md,C:\Users\Harshhhh\.gemini\antigravity\brain\03c21182-9e56-4764-a6fd-83660d6d0fc1\document_4_system_architecture.md,d:\ProtLigGnn\docs\Research_Notes\document_4_system_architecture.md,Documentation,N/A,md,Migrated,9a2505d1b48d25c23ce73e8a72e7ab394075f6597b804b0d68b95c130a319804
document_4_system_architecture.md.metadata.json,C:\Users\Harshhhh\.gemini\antigravity\brain\03c21182-9e56-4764-a6fd-83660d6d0fc1\document_4_system_architecture.md.metadata.json,d:\ProtLigGnn\artifacts\Metrics\document_4_system_architecture.md.metadata.json,Metrics,N/A,json,Migrated,bcf7efdb3ec9fcb2ae227ca77d4300c98562571705878138f45912aad9de14a6
document_5_sota_comparison.md,C:\Users\Harshhhh\.gemini\antigravity\brain\03c21182-9e56-4764-a6fd-83660d6d0fc1\document_5_sota_comparison.md,d:\ProtLigGnn\docs\Research_Notes\document_5_sota_comparison.md,Documentation,N/A,md,Migrated,1519a5d9a69ebd687222f5451604ac469e5a9e0f920afe0e7c3e5e8daeb0eb03
document_5_sota_comparison.md.metadata.json,C:\Users\Harshhhh\.gemini\antigravity\brain\03c21182-9e56-4764-a6fd-83660d6d0fc1\document_5_sota_comparison.md.metadata.json,d:\ProtLigGnn\artifacts\Metrics\document_5_sota_comparison.md.metadata.json,Metrics,N/A,json,Migrated,049f4bb24529b9bb9088fb2fff8db88e21a8d2865d7bb6e035b5a49975c76be5
ENVIRONMENT_MIGRATION_PLAN.md,C:\Users\Harshhhh\.gemini\antigravity\brain\03c21182-9e56-4764-a6fd-83660d6d0fc1\ENVIRONMENT_MIGRATION_PLAN.md,d:\ProtLigGnn\docs\Research_Notes\ENVIRONMENT_MIGRATION_PLAN.md,Documentation,N/A,md,Migrated,f92a6184aeef2042bd957a3ca39995fb6ae80d1f2c0383e2a54493bd31e634b4
ENVIRONMENT_MIGRATION_PLAN.md.metadata.json,C:\Users\Harshhhh\.gemini\antigravity\brain\03c21182-9e56-4764-a6fd-83660d6d0fc1\ENVIRONMENT_MIGRATION_PLAN.md.metadata.json,d:\ProtLigGnn\artifacts\Metrics\ENVIRONMENT_MIGRATION_PLAN.md.metadata.json,Metrics,N/A,json,Migrated,e35cf895c4282275e8baaabeffb5abc1e8072fbc19dfc044f3c69422d688c9bc
environment_validation.md,C:\Users\Harshhhh\.gemini\antigravity\brain\03c21182-9e56-4764-a6fd-83660d6d0fc1\environment_validation.md,d:\ProtLigGnn\docs\Research_Notes\environment_validation.md,Documentation,N/A,md,Migrated,5a162572655031befe475abcb468224b7e696aec5f80072afba41249ed877adb
environment_validation.md.metadata.json,C:\Users\Harshhhh\.gemini\antigravity\brain\03c21182-9e56-4764-a6fd-83660d6d0fc1\environment_validation.md.metadata.json,d:\ProtLigGnn\artifacts\Metrics\environment_validation.md.metadata.json,Metrics,N/A,json,Migrated,3364d3dd0a747f9dae81634b887662c862fa1c68edd0ccc8f73b678845978ed8
ENVIRONMENT_VALIDATION_REPORT.md,C:\Users\Harshhhh\.gemini\antigravity\brain\03c21182-9e56-4764-a6fd-83660d6d0fc1\ENVIRONMENT_VALIDATION_REPORT.md,d:\ProtLigGnn\docs\Research_Notes\ENVIRONMENT_VALIDATION_REPORT.md,Documentation,N/A,md,Migrated,b7471fbd31eec61478483a6206c41839ceb4c5d02e5145dda3a36fa6920b7311
ENVIRONMENT_VALIDATION_REPORT.md.metadata.json,C:\Users\Harshhhh\.gemini\antigravity\brain\03c21182-9e56-4764-a6fd-83660d6d0fc1\ENVIRONMENT_VALIDATION_REPORT.md.metadata.json,d:\ProtLigGnn\artifacts\Metrics\ENVIRONMENT_VALIDATION_REPORT.md.metadata.json,Metrics,N/A,json,Migrated,aa799fc64a3d6a089fc397053166aae417ab803f8e443d3cb145c8840b964890
error_analysis_affinity.png,C:\Users\Harshhhh\.gemini\antigravity\brain\03c21182-9e56-4764-a6fd-83660d6d0fc1\error_analysis_affinity.png,d:\ProtLigGnn\artifacts\Figures\error_analysis_affinity.png,Figure,N/A,png,Migrated,657d89978aeb645934df43abde2dcbf995571b17ddaebae791ab0aa1f9a6bcc0
error_analysis_data.csv,C:\Users\Harshhhh\.gemini\antigravity\brain\03c21182-9e56-4764-a6fd-83660d6d0fc1\error_analysis_data.csv,d:\ProtLigGnn\artifacts\Metrics\error_analysis_data.csv,Metrics,N/A,csv,Migrated,0b48db56ad508aa67b8617604d1250dabc34d250083f63942d6beff26973c33a
error_analysis_data_aggregated.csv,C:\Users\Harshhhh\.gemini\antigravity\brain\03c21182-9e56-4764-a6fd-83660d6d0fc1\error_analysis_data_aggregated.csv,d:\ProtLigGnn\artifacts\Metrics\error_analysis_data_aggregated.csv,Metrics,N/A,csv,Migrated,7a19a57cb4266445fc9717e08bd268bb348833a578d90d2dfadf55ca377e30aa
error_analysis_quad_panel.png,C:\Users\Harshhhh\.gemini\antigravity\brain\03c21182-9e56-4764-a6fd-83660d6d0fc1\error_analysis_quad_panel.png,d:\ProtLigGnn\artifacts\Figures\error_analysis_quad_panel.png,Figure,N/A,png,Migrated,faab907b8d105e9c1ab93efa8f37640ccca7839d4b8c0fe802366a3342ab68b0
ERROR_ANALYSIS_REPORT.md,C:\Users\Harshhhh\.gemini\antigravity\brain\03c21182-9e56-4764-a6fd-83660d6d0fc1\ERROR_ANALYSIS_REPORT.md,d:\ProtLigGnn\docs\Research_Notes\ERROR_ANALYSIS_REPORT.md,Documentation,N/A,md,Migrated,1bb7f126f9fcde64b216f96f2d2db6b3c6fb66885d8ca90b731d8832d8601078
ERROR_ANALYSIS_REPORT.md.metadata.json,C:\Users\Harshhhh\.gemini\antigravity\brain\03c21182-9e56-4764-a6fd-83660d6d0fc1\ERROR_ANALYSIS_REPORT.md.metadata.json,d:\ProtLigGnn\artifacts\Metrics\ERROR_ANALYSIS_REPORT.md.metadata.json,Metrics,N/A,json,Migrated,1d8f42190920180074ca201106c93e17c0386111662ff6c162f57316864435cd
error_analysis_sizes.png,C:\Users\Harshhhh\.gemini\antigravity\brain\03c21182-9e56-4764-a6fd-83660d6d0fc1\error_analysis_sizes.png,d:\ProtLigGnn\artifacts\Figures\error_analysis_sizes.png,Figure,N/A,png,Migrated,104ed25365e71cb95b92ee3462e99319715a344a9c3310c6ac1ec366c221c30e
error_analysis_stats.json,C:\Users\Harshhhh\.gemini\antigravity\brain\03c21182-9e56-4764-a6fd-83660d6d0fc1\error_analysis_stats.json,d:\ProtLigGnn\artifacts\Metrics\error_analysis_stats.json,Metrics,N/A,json,Migrated,fc80443f9044a21dc59eb537e2a4628dbbaac4c0becd966d5a97cfb842cd7b96
error_histogram.png,C:\Users\Harshhhh\.gemini\antigravity\brain\03c21182-9e56-4764-a6fd-83660d6d0fc1\error_histogram.png,d:\ProtLigGnn\artifacts\Figures\error_histogram.png,Figure,N/A,png,Migrated,9beb82edc3f396595b15bb306ea948d45bc48cba66cf31b5ba9ddb2d28adb3d1
execution_plan.md,C:\Users\Harshhhh\.gemini\antigravity\brain\03c21182-9e56-4764-a6fd-83660d6d0fc1\execution_plan.md,d:\ProtLigGnn\docs\Research_Notes\execution_plan.md,Documentation,N/A,md,Migrated,4f7e6016a4208f89dc3df6fa7a83c44a6acd1cc6d196f107f13d25c50eecb51d
execution_plan.md.metadata.json,C:\Users\Harshhhh\.gemini\antigravity\brain\03c21182-9e56-4764-a6fd-83660d6d0fc1\execution_plan.md.metadata.json,d:\ProtLigGnn\artifacts\Metrics\execution_plan.md.metadata.json,Metrics,N/A,json,Migrated,fb4ee0ca2d5dc74a2a3eadc6bf76b33518e29065458a656a0833d14cbc7a6ae9
FINAL_PHASE2_SCIENTIFIC_AUDIT.md,C:\Users\Harshhhh\.gemini\antigravity\brain\03c21182-9e56-4764-a6fd-83660d6d0fc1\FINAL_PHASE2_SCIENTIFIC_AUDIT.md,d:\ProtLigGnn\docs\Research_Notes\FINAL_PHASE2_SCIENTIFIC_AUDIT.md,Documentation,N/A,md,Migrated,95b9396037a30051325cf728e921562f785691a189a81d07707b6b00ec723e54
FINAL_PHASE2_SCIENTIFIC_AUDIT.md.metadata.json,C:\Users\Harshhhh\.gemini\antigravity\brain\03c21182-9e56-4764-a6fd-83660d6d0fc1\FINAL_PHASE2_SCIENTIFIC_AUDIT.md.metadata.json,d:\ProtLigGnn\artifacts\Metrics\FINAL_PHASE2_SCIENTIFIC_AUDIT.md.metadata.json,Metrics,N/A,json,Migrated,f9d32a332fc18961471ed3a8c5be672c2c7f00431ebcf12a4b491cdab291da28
hardware_audit.md,C:\Users\Harshhhh\.gemini\antigravity\brain\03c21182-9e56-4764-a6fd-83660d6d0fc1\hardware_audit.md,d:\ProtLigGnn\docs\Research_Notes\hardware_audit.md,Documentation,N/A,md,Migrated,5c165ec22a8429c8037612ad2577482c8d48dc6a5a8df0269012a85d3e10d563
hardware_audit.md.metadata.json,C:\Users\Harshhhh\.gemini\antigravity\brain\03c21182-9e56-4764-a6fd-83660d6d0fc1\hardware_audit.md.metadata.json,d:\ProtLigGnn\artifacts\Metrics\hardware_audit.md.metadata.json,Metrics,N/A,json,Migrated,a7efa007ccf1d918ec5f74a22cf8930144444d5592e9ca4c39dfd91a6a107a36
hardware_report.md,C:\Users\Harshhhh\.gemini\antigravity\brain\03c21182-9e56-4764-a6fd-83660d6d0fc1\hardware_report.md,d:\ProtLigGnn\docs\Research_Notes\hardware_report.md,Documentation,N/A,md,Migrated,74bd55b463199db2906b138cd7780e8842731988171c1985d7a701f374c43e0a
hardware_report.md.metadata.json,C:\Users\Harshhhh\.gemini\antigravity\brain\03c21182-9e56-4764-a6fd-83660d6d0fc1\hardware_report.md.metadata.json,d:\ProtLigGnn\artifacts\Metrics\hardware_report.md.metadata.json,Metrics,N/A,json,Migrated,4baa2af5799bb9b4693cd208d8940574e70f1bdf5f80b73ace913663222b277b
hpo_results.csv,C:\Users\Harshhhh\.gemini\antigravity\brain\03c21182-9e56-4764-a6fd-83660d6d0fc1\hpo_results.csv,d:\ProtLigGnn\artifacts\Metrics\hpo_results.csv,Metrics,N/A,csv,Migrated,ff077f1dcaeb0d1e243140d7828a02469bd1cf60269fb3630e37bdea8029ee1f
HYPERPARAMETER_STUDY.md,C:\Users\Harshhhh\.gemini\antigravity\brain\03c21182-9e56-4764-a6fd-83660d6d0fc1\HYPERPARAMETER_STUDY.md,d:\ProtLigGnn\docs\Research_Notes\HYPERPARAMETER_STUDY.md,Documentation,N/A,md,Migrated,dd647c2938afe015a2a3ecd31189cfeb96ae54d0b1fff941fbc4849fa0625309
HYPERPARAMETER_STUDY.md.metadata.json,C:\Users\Harshhhh\.gemini\antigravity\brain\03c21182-9e56-4764-a6fd-83660d6d0fc1\HYPERPARAMETER_STUDY.md.metadata.json,d:\ProtLigGnn\artifacts\Metrics\HYPERPARAMETER_STUDY.md.metadata.json,Metrics,N/A,json,Migrated,2bad6e9b4fb3814ea8074759cfc4c333065ce2031b918a8310d77b47c09acfdb
implementation_plan.md,C:\Users\Harshhhh\.gemini\antigravity\brain\03c21182-9e56-4764-a6fd-83660d6d0fc1\implementation_plan.md,d:\ProtLigGnn\docs\Research_Notes\implementation_plan.md,Documentation,N/A,md,Migrated,1852c2ad2ca049744eabf401d579d8329cfa3b2dfdf7f9ae2dc53d33035a3602
implementation_plan.md.metadata.json,C:\Users\Harshhhh\.gemini\antigravity\brain\03c21182-9e56-4764-a6fd-83660d6d0fc1\implementation_plan.md.metadata.json,d:\ProtLigGnn\artifacts\Metrics\implementation_plan.md.metadata.json,Metrics,N/A,json,Migrated,1b1949d8e0d8f4260f0d73df1f4fce5d09e812484ef1ad996806289dca528ee4
interpretability_stats.json,C:\Users\Harshhhh\.gemini\antigravity\brain\03c21182-9e56-4764-a6fd-83660d6d0fc1\interpretability_stats.json,d:\ProtLigGnn\artifacts\Metrics\interpretability_stats.json,Metrics,N/A,json,Migrated,3a2b9f38f8611e621422aad839bdffe44e3cd41919cadaa0f24976b4a76fc086
learning_curves_bands.png,C:\Users\Harshhhh\.gemini\antigravity\brain\03c21182-9e56-4764-a6fd-83660d6d0fc1\learning_curves_bands.png,d:\ProtLigGnn\artifacts\Figures\learning_curves_bands.png,Figure,N/A,png,Migrated,c7c928a346472e53af351d66310f137afc08124f67787364c6c50917af62774e
learning_dynamics_gap.png,C:\Users\Harshhhh\.gemini\antigravity\brain\03c21182-9e56-4764-a6fd-83660d6d0fc1\learning_dynamics_gap.png,d:\ProtLigGnn\artifacts\Figures\learning_dynamics_gap.png,Figure,N/A,png,Migrated,5d7ebb0917818e37f83d5fd06c82c0ea823d202c91d3947feefbab4d5e9dcdbf
LEARNING_DYNAMICS_REPORT.md,C:\Users\Harshhhh\.gemini\antigravity\brain\03c21182-9e56-4764-a6fd-83660d6d0fc1\LEARNING_DYNAMICS_REPORT.md,d:\ProtLigGnn\docs\Research_Notes\LEARNING_DYNAMICS_REPORT.md,Documentation,N/A,md,Migrated,7c807129945b2b50ca5cfd34196464fffa18b2e10952783367e99b09060a614f
LEARNING_DYNAMICS_REPORT.md.metadata.json,C:\Users\Harshhhh\.gemini\antigravity\brain\03c21182-9e56-4764-a6fd-83660d6d0fc1\LEARNING_DYNAMICS_REPORT.md.metadata.json,d:\ProtLigGnn\artifacts\Metrics\LEARNING_DYNAMICS_REPORT.md.metadata.json,Metrics,N/A,json,Migrated,453d151db353e59c7c91646158ea7212143dadea50f5b10b36a3959f11a8995c
learning_dynamics_rmse.png,C:\Users\Harshhhh\.gemini\antigravity\brain\03c21182-9e56-4764-a6fd-83660d6d0fc1\learning_dynamics_rmse.png,d:\ProtLigGnn\artifacts\Figures\learning_dynamics_rmse.png,Figure,N/A,png,Migrated,fdf55bc363572f21a904bb6e63591e8ad36219cc6e5aa702a5066bed705d8dbb
learning_dynamics_stats.json,C:\Users\Harshhhh\.gemini\antigravity\brain\03c21182-9e56-4764-a6fd-83660d6d0fc1\learning_dynamics_stats.json,d:\ProtLigGnn\artifacts\Metrics\learning_dynamics_stats.json,Metrics,N/A,json,Migrated,200df1bb1f84c9fcdb0efd0852bc50eec9200dfa1e0a0ff28eead15227b52730
LigProtGNN-X_Final_Review_Presentation.pptx,C:\Users\Harshhhh\.gemini\antigravity\brain\03c21182-9e56-4764-a6fd-83660d6d0fc1\LigProtGNN-X_Final_Review_Presentation.pptx,d:\ProtLigGnn\artifacts\Exports\LigProtGNN-X_Final_Review_Presentation.pptx,Presentation,N/A,pptx,Migrated,a52ea06f4ba46f3222241ff756398dee2ae8069e7ed9a8499eaeb8f948b41bfd
Loss_Curve.png,C:\Users\Harshhhh\.gemini\antigravity\brain\03c21182-9e56-4764-a6fd-83660d6d0fc1\Loss_Curve.png,d:\ProtLigGnn\artifacts\Figures\Loss_Curve.png,Figure,N/A,png,Migrated,72d3d277255bf81a08747b312696443d159d83d6e26ed11e38b7ff3988adb8aa
MAE_Comparison.png,C:\Users\Harshhhh\.gemini\antigravity\brain\03c21182-9e56-4764-a6fd-83660d6d0fc1\MAE_Comparison.png,d:\ProtLigGnn\artifacts\Figures\MAE_Comparison.png,Figure,N/A,png,Migrated,f8950e5c2d88b31fffaa654e49fb916a9e9d42a0a337c8132723ec9e83c1b201
model_capacity.json,C:\Users\Harshhhh\.gemini\antigravity\brain\03c21182-9e56-4764-a6fd-83660d6d0fc1\model_capacity.json,d:\ProtLigGnn\artifacts\Metrics\model_capacity.json,Metrics,N/A,json,Migrated,653d82b809bf1185b341d79feb84c0b2eb72686a482fbcc477e0cbf24b6da8cf
MODEL_CAPACITY_REPORT.md,C:\Users\Harshhhh\.gemini\antigravity\brain\03c21182-9e56-4764-a6fd-83660d6d0fc1\MODEL_CAPACITY_REPORT.md,d:\ProtLigGnn\docs\Research_Notes\MODEL_CAPACITY_REPORT.md,Documentation,N/A,md,Migrated,40c9a9cbea5f62b2893d4756acf7b7c31b762aa1b972ee6238b5f4573e472533
MODEL_CAPACITY_REPORT.md.metadata.json,C:\Users\Harshhhh\.gemini\antigravity\brain\03c21182-9e56-4764-a6fd-83660d6d0fc1\MODEL_CAPACITY_REPORT.md.metadata.json,d:\ProtLigGnn\artifacts\Metrics\MODEL_CAPACITY_REPORT.md.metadata.json,Metrics,N/A,json,Migrated,8bb0d0a87d18f8b930931720eb280357b6d35c8f1ed3481418edd7f4bb97e44f
MODEL_INTERPRETABILITY_REPORT.md,C:\Users\Harshhhh\.gemini\antigravity\brain\03c21182-9e56-4764-a6fd-83660d6d0fc1\MODEL_INTERPRETABILITY_REPORT.md,d:\ProtLigGnn\docs\Research_Notes\MODEL_INTERPRETABILITY_REPORT.md,Documentation,N/A,md,Migrated,21dfd89f2f3b2b39fc036a6d17d173a04c2cdea7376f74d33634a91712e6566c
MODEL_INTERPRETABILITY_REPORT.md.metadata.json,C:\Users\Harshhhh\.gemini\antigravity\brain\03c21182-9e56-4764-a6fd-83660d6d0fc1\MODEL_INTERPRETABILITY_REPORT.md.metadata.json,d:\ProtLigGnn\artifacts\Metrics\MODEL_INTERPRETABILITY_REPORT.md.metadata.json,Metrics,N/A,json,Migrated,ad2d4b981f99274846970ca395ae406e66ee1c5868a6171b5fa9813917b9bcaa
OPTIMIZED_BASELINE.md,C:\Users\Harshhhh\.gemini\antigravity\brain\03c21182-9e56-4764-a6fd-83660d6d0fc1\OPTIMIZED_BASELINE.md,d:\ProtLigGnn\docs\Research_Notes\OPTIMIZED_BASELINE.md,Documentation,N/A,md,Migrated,6ce396a40f33511a08e7e94fffdc32bcf407b9bcb018026c8f1619a3246a7128
OPTIMIZED_BASELINE.md.metadata.json,C:\Users\Harshhhh\.gemini\antigravity\brain\03c21182-9e56-4764-a6fd-83660d6d0fc1\OPTIMIZED_BASELINE.md.metadata.json,d:\ProtLigGnn\artifacts\Metrics\OPTIMIZED_BASELINE.md.metadata.json,Metrics,N/A,json,Migrated,510e9cef007d1e89dfb500db6305a2a865e991b36f6b832f857c584d9600e565
optuna_history.png,C:\Users\Harshhhh\.gemini\antigravity\brain\03c21182-9e56-4764-a6fd-83660d6d0fc1\optuna_history.png,d:\ProtLigGnn\artifacts\Figures\optuna_history.png,Figure,N/A,png,Migrated,ec7781ef898f067eb88d7cb6392e41bfa028ddbdc9d6a8a904d0b3a825ad6e08
optuna_importance.png,C:\Users\Harshhhh\.gemini\antigravity\brain\03c21182-9e56-4764-a6fd-83660d6d0fc1\optuna_importance.png,d:\ProtLigGnn\artifacts\Figures\optuna_importance.png,Figure,N/A,png,Migrated,4a4b2d850ae978e45eb2fce1c369b8f0354753b0b13c3daa5091928858330a08
optuna_study.db,C:\Users\Harshhhh\.gemini\antigravity\brain\03c21182-9e56-4764-a6fd-83660d6d0fc1\optuna_study.db,d:\ProtLigGnn\artifacts\Metrics\optuna_study.db,Metrics,N/A,db,Migrated,6e05acecaf49c7ab7393e37d20f38fc3fbcfbeda58e4fa74282c6a0b0c4a6c7b
PCC_Comparison.png,C:\Users\Harshhhh\.gemini\antigravity\brain\03c21182-9e56-4764-a6fd-83660d6d0fc1\PCC_Comparison.png,d:\ProtLigGnn\artifacts\Figures\PCC_Comparison.png,Figure,N/A,png,Migrated,72a666dab83665f4f6c3bb80cb48cc83ea63783209d7c18f9dd967bd3eeabbfb
PHASE2A_COMPLETION_REPORT.md,C:\Users\Harshhhh\.gemini\antigravity\brain\03c21182-9e56-4764-a6fd-83660d6d0fc1\PHASE2A_COMPLETION_REPORT.md,d:\ProtLigGnn\docs\Research_Notes\PHASE2A_COMPLETION_REPORT.md,Documentation,N/A,md,Migrated,5eec7b0b045253efd6f456252e853e47ba53ee0b565a34fbc946d421f2e7f3aa
PHASE2A_COMPLETION_REPORT.md.metadata.json,C:\Users\Harshhhh\.gemini\antigravity\brain\03c21182-9e56-4764-a6fd-83660d6d0fc1\PHASE2A_COMPLETION_REPORT.md.metadata.json,d:\ProtLigGnn\artifacts\Metrics\PHASE2A_COMPLETION_REPORT.md.metadata.json,Metrics,N/A,json,Migrated,aba6384d97f665556213e971ba2ba959b0b032a9b86df5a44f414b3516bbc7e5
PHASE2_9_COMPLETION_REPORT.md,C:\Users\Harshhhh\.gemini\antigravity\brain\03c21182-9e56-4764-a6fd-83660d6d0fc1\PHASE2_9_COMPLETION_REPORT.md,d:\ProtLigGnn\docs\Research_Notes\PHASE2_9_COMPLETION_REPORT.md,Documentation,N/A,md,Migrated,d0ca72c72787fcb8b80a78c8534c8a671b13ab592decf10387bebe00b722dcb7
PHASE2_9_COMPLETION_REPORT.md.metadata.json,C:\Users\Harshhhh\.gemini\antigravity\brain\03c21182-9e56-4764-a6fd-83660d6d0fc1\PHASE2_9_COMPLETION_REPORT.md.metadata.json,d:\ProtLigGnn\artifacts\Metrics\PHASE2_9_COMPLETION_REPORT.md.metadata.json,Metrics,N/A,json,Migrated,5f3f8e8d992448f9c28da34f8729d4b24bb75ef5bd4d6b01d4cf548a01dc4c67
PHASE2_9_IMPLEMENTATION_PLAN_V2.md,C:\Users\Harshhhh\.gemini\antigravity\brain\03c21182-9e56-4764-a6fd-83660d6d0fc1\PHASE2_9_IMPLEMENTATION_PLAN_V2.md,d:\ProtLigGnn\docs\Research_Notes\PHASE2_9_IMPLEMENTATION_PLAN_V2.md,Documentation,N/A,md,Migrated,1f3f5bb5585b57563d897e4f79e1a0e423ce0b6c14449b3c37d96a69519d6853
PHASE2_9_IMPLEMENTATION_PLAN_V2.md.metadata.json,C:\Users\Harshhhh\.gemini\antigravity\brain\03c21182-9e56-4764-a6fd-83660d6d0fc1\PHASE2_9_IMPLEMENTATION_PLAN_V2.md.metadata.json,d:\ProtLigGnn\artifacts\Metrics\PHASE2_9_IMPLEMENTATION_PLAN_V2.md.metadata.json,Metrics,N/A,json,Migrated,3d8945a4fdc6e4e7481da0a10471a9429d9c36f5f1bafdff8170cfb5274b0c3a
PHASE2_9_IMPLEMENTATION_PLAN_V2_1.md,C:\Users\Harshhhh\.gemini\antigravity\brain\03c21182-9e56-4764-a6fd-83660d6d0fc1\PHASE2_9_IMPLEMENTATION_PLAN_V2_1.md,d:\ProtLigGnn\docs\Research_Notes\PHASE2_9_IMPLEMENTATION_PLAN_V2_1.md,Documentation,N/A,md,Migrated,f3f7081b670fe11dd2677e217fb67dd59057505f1caf7543079f7281a3b3655d
PHASE2_9_IMPLEMENTATION_PLAN_V2_1.md.metadata.json,C:\Users\Harshhhh\.gemini\antigravity\brain\03c21182-9e56-4764-a6fd-83660d6d0fc1\PHASE2_9_IMPLEMENTATION_PLAN_V2_1.md.metadata.json,d:\ProtLigGnn\artifacts\Metrics\PHASE2_9_IMPLEMENTATION_PLAN_V2_1.md.metadata.json,Metrics,N/A,json,Migrated,25f61bf08aafb7be6d14a03b127672286748e0dc081e7eeb94515294b39684dc
PHASE2_CACHE_COMPLETION_REPORT.md,C:\Users\Harshhhh\.gemini\antigravity\brain\03c21182-9e56-4764-a6fd-83660d6d0fc1\PHASE2_CACHE_COMPLETION_REPORT.md,d:\ProtLigGnn\docs\Research_Notes\PHASE2_CACHE_COMPLETION_REPORT.md,Documentation,N/A,md,Migrated,040cbaeee05829057a0e4ea685e4c0379934430472d870603e5fe72e0ce01769
PHASE2_CACHE_COMPLETION_REPORT.md.metadata.json,C:\Users\Harshhhh\.gemini\antigravity\brain\03c21182-9e56-4764-a6fd-83660d6d0fc1\PHASE2_CACHE_COMPLETION_REPORT.md.metadata.json,d:\ProtLigGnn\artifacts\Metrics\PHASE2_CACHE_COMPLETION_REPORT.md.metadata.json,Metrics,N/A,json,Migrated,2576b10ab7e8c7ba2e2e11cd1d62f648fceba5bc9e38bb68650aa1cb92a914de
PHASE2_PLAN_REVIEW.md,C:\Users\Harshhhh\.gemini\antigravity\brain\03c21182-9e56-4764-a6fd-83660d6d0fc1\PHASE2_PLAN_REVIEW.md,d:\ProtLigGnn\docs\Research_Notes\PHASE2_PLAN_REVIEW.md,Documentation,N/A,md,Migrated,2440c6154af2817938b2d4604fe272968708bb68d4f31afb75da304cb1c6f2ef
PHASE2_PLAN_REVIEW.md.metadata.json,C:\Users\Harshhhh\.gemini\antigravity\brain\03c21182-9e56-4764-a6fd-83660d6d0fc1\PHASE2_PLAN_REVIEW.md.metadata.json,d:\ProtLigGnn\artifacts\Metrics\PHASE2_PLAN_REVIEW.md.metadata.json,Metrics,N/A,json,Migrated,0c5d5521fec122426989a78f434dc85afd908ad86df18c84eece5292339e510e
PHASE3_1A_BENCHMARK_REPORT.md,C:\Users\Harshhhh\.gemini\antigravity\brain\03c21182-9e56-4764-a6fd-83660d6d0fc1\PHASE3_1A_BENCHMARK_REPORT.md,d:\ProtLigGnn\docs\Research_Notes\PHASE3_1A_BENCHMARK_REPORT.md,Documentation,N/A,md,Migrated,a38baf94d8f722ac2477fbaa4b05a685c390865e579d91d586c69fee8a8f7ea5
PHASE3_1A_BENCHMARK_REPORT.md.metadata.json,C:\Users\Harshhhh\.gemini\antigravity\brain\03c21182-9e56-4764-a6fd-83660d6d0fc1\PHASE3_1A_BENCHMARK_REPORT.md.metadata.json,d:\ProtLigGnn\artifacts\Metrics\PHASE3_1A_BENCHMARK_REPORT.md.metadata.json,Metrics,N/A,json,Migrated,d3f4c543b0bc47a305b6bf84d0973457e2259d17361bd99452b86be82f4024b5
PHASE3_1A_CALIBRATION_REPORT.md,C:\Users\Harshhhh\.gemini\antigravity\brain\03c21182-9e56-4764-a6fd-83660d6d0fc1\PHASE3_1A_CALIBRATION_REPORT.md,d:\ProtLigGnn\docs\Research_Notes\PHASE3_1A_CALIBRATION_REPORT.md,Documentation,N/A,md,Migrated,41b5511b397f4ef9fdb8535930d320e962e4cfc27ec16f9aea95ef576ed48f36
PHASE3_1A_CALIBRATION_REPORT.md.metadata.json,C:\Users\Harshhhh\.gemini\antigravity\brain\03c21182-9e56-4764-a6fd-83660d6d0fc1\PHASE3_1A_CALIBRATION_REPORT.md.metadata.json,d:\ProtLigGnn\artifacts\Metrics\PHASE3_1A_CALIBRATION_REPORT.md.metadata.json,Metrics,N/A,json,Migrated,99c01b9001fada76f186fc4e9fee6ed18fa5365a8538eedfee041c87bddaba38
PHASE3_1A_CERTIFICATION.md,C:\Users\Harshhhh\.gemini\antigravity\brain\03c21182-9e56-4764-a6fd-83660d6d0fc1\PHASE3_1A_CERTIFICATION.md,d:\ProtLigGnn\docs\Research_Notes\PHASE3_1A_CERTIFICATION.md,Documentation,N/A,md,Migrated,1faa3cfd7fa32750ee26d59c52d477af4e9d99bbe662459ca77ca053fee5c642
PHASE3_1A_CERTIFICATION.md.metadata.json,C:\Users\Harshhhh\.gemini\antigravity\brain\03c21182-9e56-4764-a6fd-83660d6d0fc1\PHASE3_1A_CERTIFICATION.md.metadata.json,d:\ProtLigGnn\artifacts\Metrics\PHASE3_1A_CERTIFICATION.md.metadata.json,Metrics,N/A,json,Migrated,4d637a595c03969fc4699a7e26dd8504077a1cf6b75692d0d5c8dbcde4607c64
PHASE3_1A_COMPLETION_REPORT.md,C:\Users\Harshhhh\.gemini\antigravity\brain\03c21182-9e56-4764-a6fd-83660d6d0fc1\PHASE3_1A_COMPLETION_REPORT.md,d:\ProtLigGnn\docs\Research_Notes\PHASE3_1A_COMPLETION_REPORT.md,Documentation,N/A,md,Migrated,42c8b7840462aec09f9481b271ff3df85d756cc0682d970099927f54cb53f734
PHASE3_1A_COMPLETION_REPORT.md.metadata.json,C:\Users\Harshhhh\.gemini\antigravity\brain\03c21182-9e56-4764-a6fd-83660d6d0fc1\PHASE3_1A_COMPLETION_REPORT.md.metadata.json,d:\ProtLigGnn\artifacts\Metrics\PHASE3_1A_COMPLETION_REPORT.md.metadata.json,Metrics,N/A,json,Migrated,d9c2d60b87fcd8f956d92568d2cf37b174339865a4c069f27af00f7458983f0c
PHASE3_1A_ERROR_ANALYSIS.md,C:\Users\Harshhhh\.gemini\antigravity\brain\03c21182-9e56-4764-a6fd-83660d6d0fc1\PHASE3_1A_ERROR_ANALYSIS.md,d:\ProtLigGnn\docs\Research_Notes\PHASE3_1A_ERROR_ANALYSIS.md,Documentation,N/A,md,Migrated,b43f69cb056a180e92f268dfaa8f7751c0735c0b34975005eff2d0612859c659
PHASE3_1A_ERROR_ANALYSIS.md.metadata.json,C:\Users\Harshhhh\.gemini\antigravity\brain\03c21182-9e56-4764-a6fd-83660d6d0fc1\PHASE3_1A_ERROR_ANALYSIS.md.metadata.json,d:\ProtLigGnn\artifacts\Metrics\PHASE3_1A_ERROR_ANALYSIS.md.metadata.json,Metrics,N/A,json,Migrated,4acc2f73d9aecae8b899e2850ddb2db9c1282cd5afbfc99b430df7885593fd40
PHASE3_1A_FINAL_AUDIT.md,C:\Users\Harshhhh\.gemini\antigravity\brain\03c21182-9e56-4764-a6fd-83660d6d0fc1\PHASE3_1A_FINAL_AUDIT.md,d:\ProtLigGnn\docs\Research_Notes\PHASE3_1A_FINAL_AUDIT.md,Documentation,N/A,md,Migrated,160fb09a984a04118be29f9b6d30be382b30d77ca9694e87df39be4116ec54fc
PHASE3_1A_FINAL_AUDIT.md.metadata.json,C:\Users\Harshhhh\.gemini\antigravity\brain\03c21182-9e56-4764-a6fd-83660d6d0fc1\PHASE3_1A_FINAL_AUDIT.md.metadata.json,d:\ProtLigGnn\artifacts\Metrics\PHASE3_1A_FINAL_AUDIT.md.metadata.json,Metrics,N/A,json,Migrated,5838253cefa23694e058b25b329a06321aa6123307252f9078af07937b3f974d
PHASE3_1A_PROMOTION_DECISION.md,C:\Users\Harshhhh\.gemini\antigravity\brain\03c21182-9e56-4764-a6fd-83660d6d0fc1\PHASE3_1A_PROMOTION_DECISION.md,d:\ProtLigGnn\docs\Research_Notes\PHASE3_1A_PROMOTION_DECISION.md,Documentation,N/A,md,Migrated,ce015a5508bcc58e9402bc700a30578712a2756aba985da1c3e8e3916827978f
PHASE3_1A_PROMOTION_DECISION.md.metadata.json,C:\Users\Harshhhh\.gemini\antigravity\brain\03c21182-9e56-4764-a6fd-83660d6d0fc1\PHASE3_1A_PROMOTION_DECISION.md.metadata.json,d:\ProtLigGnn\artifacts\Metrics\PHASE3_1A_PROMOTION_DECISION.md.metadata.json,Metrics,N/A,json,Migrated,9acb85ddb2c29af2cc34cdd6194d7339765a6ef90e86507953e171e23ca726e9
PHASE3_1A_READINESS_CERTIFICATE.md,C:\Users\Harshhhh\.gemini\antigravity\brain\03c21182-9e56-4764-a6fd-83660d6d0fc1\PHASE3_1A_READINESS_CERTIFICATE.md,d:\ProtLigGnn\docs\Research_Notes\PHASE3_1A_READINESS_CERTIFICATE.md,Documentation,N/A,md,Migrated,0fe7d92187f2696fd7723a243164368d822742fb6394d363b6b01f389e0ef8d0
PHASE3_1A_READINESS_CERTIFICATE.md.metadata.json,C:\Users\Harshhhh\.gemini\antigravity\brain\03c21182-9e56-4764-a6fd-83660d6d0fc1\PHASE3_1A_READINESS_CERTIFICATE.md.metadata.json,d:\ProtLigGnn\artifacts\Metrics\PHASE3_1A_READINESS_CERTIFICATE.md.metadata.json,Metrics,N/A,json,Migrated,9c8ed0bfcd76c59cb06e88fb181f12b578e993487fa3a495b26a6b855676a98f
PHASE3_1A_RESULTS_SUMMARY.md,C:\Users\Harshhhh\.gemini\antigravity\brain\03c21182-9e56-4764-a6fd-83660d6d0fc1\PHASE3_1A_RESULTS_SUMMARY.md,d:\ProtLigGnn\docs\Research_Notes\PHASE3_1A_RESULTS_SUMMARY.md,Documentation,N/A,md,Migrated,9efd409021e6c31628e46b9d467a90a04f081faae859df01fcd9eb0729960dab
PHASE3_1A_RESULTS_SUMMARY.md.metadata.json,C:\Users\Harshhhh\.gemini\antigravity\brain\03c21182-9e56-4764-a6fd-83660d6d0fc1\PHASE3_1A_RESULTS_SUMMARY.md.metadata.json,d:\ProtLigGnn\artifacts\Metrics\PHASE3_1A_RESULTS_SUMMARY.md.metadata.json,Metrics,N/A,json,Migrated,19143e107c5a80cee9be42100cc5681fc5ec97f9ba647de918a7415d481429cb
PHASE3_1A_STATISTICAL_ANALYSIS.md,C:\Users\Harshhhh\.gemini\antigravity\brain\03c21182-9e56-4764-a6fd-83660d6d0fc1\PHASE3_1A_STATISTICAL_ANALYSIS.md,d:\ProtLigGnn\docs\Research_Notes\PHASE3_1A_STATISTICAL_ANALYSIS.md,Documentation,N/A,md,Migrated,f8193441b9dd1f1e935379ff1a2fa2fa499f42e49f0c255cb7953b51a25687da
PHASE3_1A_STATISTICAL_ANALYSIS.md.metadata.json,C:\Users\Harshhhh\.gemini\antigravity\brain\03c21182-9e56-4764-a6fd-83660d6d0fc1\PHASE3_1A_STATISTICAL_ANALYSIS.md.metadata.json,d:\ProtLigGnn\artifacts\Metrics\PHASE3_1A_STATISTICAL_ANALYSIS.md.metadata.json,Metrics,N/A,json,Migrated,ae4eeab8ceb085f2befe8896a062b650b9119b8ceb704a9d0a66d76ba06e23cb
PHASE3_1C_COMPUTATIONAL_PROFILE_REPORT.md,C:\Users\Harshhhh\.gemini\antigravity\brain\03c21182-9e56-4764-a6fd-83660d6d0fc1\PHASE3_1C_COMPUTATIONAL_PROFILE_REPORT.md,d:\ProtLigGnn\docs\Research_Notes\PHASE3_1C_COMPUTATIONAL_PROFILE_REPORT.md,Documentation,N/A,md,Migrated,bb68020feb18a2f8efacbd4f82e06b28aec8b35c0cdd271756ec63eca1b07e51
PHASE3_1C_ERROR_ANALYSIS_REPORT.md,C:\Users\Harshhhh\.gemini\antigravity\brain\03c21182-9e56-4764-a6fd-83660d6d0fc1\PHASE3_1C_ERROR_ANALYSIS_REPORT.md,d:\ProtLigGnn\docs\Research_Notes\PHASE3_1C_ERROR_ANALYSIS_REPORT.md,Documentation,N/A,md,Migrated,ecb96f7c501346d09bc5f59aced36b1b1877d9fb55598c73f327e096a7555fbd
PHASE3_1C_INTERACTION_ANALYSIS_REPORT.md,C:\Users\Harshhhh\.gemini\antigravity\brain\03c21182-9e56-4764-a6fd-83660d6d0fc1\PHASE3_1C_INTERACTION_ANALYSIS_REPORT.md,d:\ProtLigGnn\docs\Research_Notes\PHASE3_1C_INTERACTION_ANALYSIS_REPORT.md,Documentation,N/A,md,Migrated,94888bfe04cf9335c0d4e7e6397b220539142365896c73d92b2315304cd311bf
PHASE3_1C_OFFICIAL_BENCHMARK_REPORT.md,C:\Users\Harshhhh\.gemini\antigravity\brain\03c21182-9e56-4764-a6fd-83660d6d0fc1\PHASE3_1C_OFFICIAL_BENCHMARK_REPORT.md,d:\ProtLigGnn\docs\Research_Notes\PHASE3_1C_OFFICIAL_BENCHMARK_REPORT.md,Documentation,N/A,md,Migrated,7f24111371ad3b199a4a40fa021e07805adf34730a0c43aab66b18ad0b29fd66
PHASE3_1C_OFFICIAL_EXPERIMENT_CERTIFICATION.md,C:\Users\Harshhhh\.gemini\antigravity\brain\03c21182-9e56-4764-a6fd-83660d6d0fc1\PHASE3_1C_OFFICIAL_EXPERIMENT_CERTIFICATION.md,d:\ProtLigGnn\docs\Research_Notes\PHASE3_1C_OFFICIAL_EXPERIMENT_CERTIFICATION.md,Documentation,N/A,md,Migrated,8234d6c62135d05a91554d39597f3fd9b24d0d47d4ff428dd2ce593383469d57
PHASE3_1C_PRE_BENCHMARK_VALIDATION.md,C:\Users\Harshhhh\.gemini\antigravity\brain\03c21182-9e56-4764-a6fd-83660d6d0fc1\PHASE3_1C_PRE_BENCHMARK_VALIDATION.md,d:\ProtLigGnn\docs\Research_Notes\PHASE3_1C_PRE_BENCHMARK_VALIDATION.md,Documentation,N/A,md,Migrated,18670068eaaf0556c3ad6db7062f486689b77c904b9853239924ff04a0780f70
PHASE3_1C_PROMOTION_DECISION.md,C:\Users\Harshhhh\.gemini\antigravity\brain\03c21182-9e56-4764-a6fd-83660d6d0fc1\PHASE3_1C_PROMOTION_DECISION.md,d:\ProtLigGnn\docs\Research_Notes\PHASE3_1C_PROMOTION_DECISION.md,Documentation,N/A,md,Migrated,94674d7bf5b1671fffc87c3240e5ef8b54a246e853d93b520e55d60248673db6
PHASE3_1C_READINESS_CERTIFICATE.md,C:\Users\Harshhhh\.gemini\antigravity\brain\03c21182-9e56-4764-a6fd-83660d6d0fc1\PHASE3_1C_READINESS_CERTIFICATE.md,d:\ProtLigGnn\docs\Research_Notes\PHASE3_1C_READINESS_CERTIFICATE.md,Documentation,N/A,md,Migrated,f742e9a584e7202aae8714877421f615269d0e4d65d6f55153870dfc8c9480b7
PHASE3_1C_REPRESENTATION_ANALYSIS_REPORT.md,C:\Users\Harshhhh\.gemini\antigravity\brain\03c21182-9e56-4764-a6fd-83660d6d0fc1\PHASE3_1C_REPRESENTATION_ANALYSIS_REPORT.md,d:\ProtLigGnn\docs\Research_Notes\PHASE3_1C_REPRESENTATION_ANALYSIS_REPORT.md,Documentation,N/A,md,Migrated,e3e4519f1b25c73834e39121b84a362d56068867b61d4d06886dd08259904b9a
PHASE3_1C_RESULTS_SUMMARY_REPORT.md,C:\Users\Harshhhh\.gemini\antigravity\brain\03c21182-9e56-4764-a6fd-83660d6d0fc1\PHASE3_1C_RESULTS_SUMMARY_REPORT.md,d:\ProtLigGnn\docs\Research_Notes\PHASE3_1C_RESULTS_SUMMARY_REPORT.md,Documentation,N/A,md,Migrated,539015cad215a849996ef9504b51f3a6bb7e43cf4a1d73482cc6df12ea890fe6
PHASE3_1C_SCIENTIFIC_AUDIT_REPORT.md,C:\Users\Harshhhh\.gemini\antigravity\brain\03c21182-9e56-4764-a6fd-83660d6d0fc1\PHASE3_1C_SCIENTIFIC_AUDIT_REPORT.md,d:\ProtLigGnn\docs\Research_Notes\PHASE3_1C_SCIENTIFIC_AUDIT_REPORT.md,Documentation,N/A,md,Migrated,841b4f066396885177605b128f63885927533ece8393d24933d34cb4f1789dd0
PHASE3_1C_STATISTICAL_ANALYSIS_REPORT.md,C:\Users\Harshhhh\.gemini\antigravity\brain\03c21182-9e56-4764-a6fd-83660d6d0fc1\PHASE3_1C_STATISTICAL_ANALYSIS_REPORT.md,d:\ProtLigGnn\docs\Research_Notes\PHASE3_1C_STATISTICAL_ANALYSIS_REPORT.md,Documentation,N/A,md,Migrated,bea61979ad90a78f577dcaa36c75f40034bd9e97bbedc401ef538d588a0c0218
PHASE3_2_CONSISTENCY_AUDIT_REPORT.md,C:\Users\Harshhhh\.gemini\antigravity\brain\03c21182-9e56-4764-a6fd-83660d6d0fc1\PHASE3_2_CONSISTENCY_AUDIT_REPORT.md,d:\ProtLigGnn\docs\Research_Notes\PHASE3_2_CONSISTENCY_AUDIT_REPORT.md,Documentation,N/A,md,Migrated,779f6ed629a580bb57552899df68ddde4f305ea62451b7c591bdccb022af9ace
PHASE3_2_CONTACT_AUDIT_REPORT.md,C:\Users\Harshhhh\.gemini\antigravity\brain\03c21182-9e56-4764-a6fd-83660d6d0fc1\PHASE3_2_CONTACT_AUDIT_REPORT.md,d:\ProtLigGnn\docs\Research_Notes\PHASE3_2_CONTACT_AUDIT_REPORT.md,Documentation,N/A,md,Migrated,875b3bad8131acb0cbafbb1ff256fe767ded32e5478cb2d1499271bfc829f239
PHASE3_2_FINAL_CERTIFICATION.md,C:\Users\Harshhhh\.gemini\antigravity\brain\03c21182-9e56-4764-a6fd-83660d6d0fc1\PHASE3_2_FINAL_CERTIFICATION.md,d:\ProtLigGnn\docs\Research_Notes\PHASE3_2_FINAL_CERTIFICATION.md,Documentation,N/A,md,Migrated,1212044c790dd5d8c2940151b4e7c029d574db9f50e5098bf2749763be843a5b
PHASE3_2_IMPLEMENTATION_REPORT.md,C:\Users\Harshhhh\.gemini\antigravity\brain\03c21182-9e56-4764-a6fd-83660d6d0fc1\PHASE3_2_IMPLEMENTATION_REPORT.md,d:\ProtLigGnn\docs\Research_Notes\PHASE3_2_IMPLEMENTATION_REPORT.md,Documentation,N/A,md,Migrated,aa13c37e58fb8cc7b336fdf5607c0acdda43c49cfd6dfb3c75c5f4cf56ad4f09
PHASE3_2_METRIC_VERIFICATION_REPORT.md,C:\Users\Harshhhh\.gemini\antigravity\brain\03c21182-9e56-4764-a6fd-83660d6d0fc1\PHASE3_2_METRIC_VERIFICATION_REPORT.md,d:\ProtLigGnn\docs\Research_Notes\PHASE3_2_METRIC_VERIFICATION_REPORT.md,Documentation,N/A,md,Migrated,4cac5363b287d85f6e0994798cec1291d048ffb7821b8d34c01cb2a84a80cd8a
PHASE3_2_READINESS_CERTIFICATE.md,C:\Users\Harshhhh\.gemini\antigravity\brain\03c21182-9e56-4764-a6fd-83660d6d0fc1\PHASE3_2_READINESS_CERTIFICATE.md,d:\ProtLigGnn\docs\Research_Notes\PHASE3_2_READINESS_CERTIFICATE.md,Documentation,N/A,md,Migrated,2599c50b82739692cb4406c1f6d4bb51602d8016b6f24b1b9cb04f7149990b49
PHASE3_2_REPORT_GENERATION_TRACE.md,C:\Users\Harshhhh\.gemini\antigravity\brain\03c21182-9e56-4764-a6fd-83660d6d0fc1\PHASE3_2_REPORT_GENERATION_TRACE.md,d:\ProtLigGnn\docs\Research_Notes\PHASE3_2_REPORT_GENERATION_TRACE.md,Documentation,N/A,md,Migrated,7e8a6e06267b024914a930bfad39e62bddc1d31d2bd9e9ad292ce0a6ad2ff6d3
PHASE3_2_SOFTWARE_AUDIT.md,C:\Users\Harshhhh\.gemini\antigravity\brain\03c21182-9e56-4764-a6fd-83660d6d0fc1\PHASE3_2_SOFTWARE_AUDIT.md,d:\ProtLigGnn\docs\Research_Notes\PHASE3_2_SOFTWARE_AUDIT.md,Documentation,N/A,md,Migrated,4068dbf910f89e9fed347ebfd2d08d0aeb3193ba9505a43f466e134313966b56
PHASE3_2_VALIDATION_REPORT.md,C:\Users\Harshhhh\.gemini\antigravity\brain\03c21182-9e56-4764-a6fd-83660d6d0fc1\PHASE3_2_VALIDATION_REPORT.md,d:\ProtLigGnn\docs\Research_Notes\PHASE3_2_VALIDATION_REPORT.md,Documentation,N/A,md,Migrated,b91228a57e6283b2949198df216d2e890b42fc884a6650115826d038a5e2b6f2
prediction_histogram.png,C:\Users\Harshhhh\.gemini\antigravity\brain\03c21182-9e56-4764-a6fd-83660d6d0fc1\prediction_histogram.png,d:\ProtLigGnn\artifacts\Figures\prediction_histogram.png,Figure,N/A,png,Migrated,1da10b06e3dc4abec5da7cb4b937613a2389a56405fa03b46979eaad6d0aba76
prediction_scatter.png,C:\Users\Harshhhh\.gemini\antigravity\brain\03c21182-9e56-4764-a6fd-83660d6d0fc1\prediction_scatter.png,d:\ProtLigGnn\artifacts\Figures\prediction_scatter.png,Figure,N/A,png,Migrated,00bae93d569607e687b6dd2f8a67bb565a64bbc992fa1f4f1dd43338f3a7e7c7
Prediction_vs_True.png,C:\Users\Harshhhh\.gemini\antigravity\brain\03c21182-9e56-4764-a6fd-83660d6d0fc1\Prediction_vs_True.png,d:\ProtLigGnn\artifacts\Figures\Prediction_vs_True.png,Figure,N/A,png,Migrated,15b219997c22cf4e4dd2b01eb9a18937fc37d27a9178a8f0ca194040e48e76fe
PRE_BENCHMARK_VALIDATION_REPORT.md,C:\Users\Harshhhh\.gemini\antigravity\brain\03c21182-9e56-4764-a6fd-83660d6d0fc1\PRE_BENCHMARK_VALIDATION_REPORT.md,d:\ProtLigGnn\docs\Research_Notes\PRE_BENCHMARK_VALIDATION_REPORT.md,Documentation,N/A,md,Migrated,93f36bf1e880ab5f5f125d87b3ae780e92e03589d2aab6639e965e81c57c2d1d
PRE_BENCHMARK_VALIDATION_REPORT.md.metadata.json,C:\Users\Harshhhh\.gemini\antigravity\brain\03c21182-9e56-4764-a6fd-83660d6d0fc1\PRE_BENCHMARK_VALIDATION_REPORT.md.metadata.json,d:\ProtLigGnn\artifacts\Metrics\PRE_BENCHMARK_VALIDATION_REPORT.md.metadata.json,Metrics,N/A,json,Migrated,32a863d913d64519e1dbb7ea19612377da4adc3824e73b408e3d4c89218715d0
PROJECT_STATUS.md,C:\Users\Harshhhh\.gemini\antigravity\brain\03c21182-9e56-4764-a6fd-83660d6d0fc1\PROJECT_STATUS.md,d:\ProtLigGnn\docs\Research_Notes\PROJECT_STATUS.md,Documentation,N/A,md,Migrated,82d7beb31f87a35c0132ab69e7a0937a45c01697db5b00baaf0e8baee0d91ebf
PROJECT_STATUS.md.metadata.json,C:\Users\Harshhhh\.gemini\antigravity\brain\03c21182-9e56-4764-a6fd-83660d6d0fc1\PROJECT_STATUS.md.metadata.json,d:\ProtLigGnn\artifacts\Metrics\PROJECT_STATUS.md.metadata.json,Metrics,N/A,json,Migrated,81fc94e582fa65b939c7bd1fd6c0d9eeb7c00b0eb92a02afdab108798b5b30d8
R2_Comparison.png,C:\Users\Harshhhh\.gemini\antigravity\brain\03c21182-9e56-4764-a6fd-83660d6d0fc1\R2_Comparison.png,d:\ProtLigGnn\artifacts\Figures\R2_Comparison.png,Figure,N/A,png,Migrated,f3a480d11c3d5f9315cd17d4de976054828f5bab83b78e81890b05bcab37e30b
REPOSITORY_FREEZE_REPORT.md,C:\Users\Harshhhh\.gemini\antigravity\brain\03c21182-9e56-4764-a6fd-83660d6d0fc1\REPOSITORY_FREEZE_REPORT.md,d:\ProtLigGnn\docs\Research_Notes\REPOSITORY_FREEZE_REPORT.md,Documentation,N/A,md,Migrated,2a7e51c6329d4a16ed22c8805f18a420afe122265d35471fed064b2267c45925
REPOSITORY_FREEZE_REPORT.md.metadata.json,C:\Users\Harshhhh\.gemini\antigravity\brain\03c21182-9e56-4764-a6fd-83660d6d0fc1\REPOSITORY_FREEZE_REPORT.md.metadata.json,d:\ProtLigGnn\artifacts\Metrics\REPOSITORY_FREEZE_REPORT.md.metadata.json,Metrics,N/A,json,Migrated,4d72be12f836a7be5a59df46bc5cfc0693bfb8378f5f5d0d0bf1a16dbf96fc16
REPOSITORY_GOVERNANCE.md,C:\Users\Harshhhh\.gemini\antigravity\brain\03c21182-9e56-4764-a6fd-83660d6d0fc1\REPOSITORY_GOVERNANCE.md,d:\ProtLigGnn\docs\Research_Notes\REPOSITORY_GOVERNANCE.md,Documentation,N/A,md,Migrated,2b690b79a6b1ee00491bf7696a5e91b3bf5f246fd6546443c7b8068bc6aafb85
REPOSITORY_GOVERNANCE.md.metadata.json,C:\Users\Harshhhh\.gemini\antigravity\brain\03c21182-9e56-4764-a6fd-83660d6d0fc1\REPOSITORY_GOVERNANCE.md.metadata.json,d:\ProtLigGnn\artifacts\Metrics\REPOSITORY_GOVERNANCE.md.metadata.json,Metrics,N/A,json,Migrated,a9974f0e61f65cd71dd8843a63a2fc5d66fe9cc8d02cfee21e80bf7f8822b428
research_notes.md,C:\Users\Harshhhh\.gemini\antigravity\brain\03c21182-9e56-4764-a6fd-83660d6d0fc1\research_notes.md,d:\ProtLigGnn\docs\Research_Notes\research_notes.md,Documentation,N/A,md,Migrated,5c54fd8f964ab80a9c50f9c92496ab0eec5f94fe01b92392010321f86c3ad483
research_notes.md.metadata.json,C:\Users\Harshhhh\.gemini\antigravity\brain\03c21182-9e56-4764-a6fd-83660d6d0fc1\research_notes.md.metadata.json,d:\ProtLigGnn\artifacts\Metrics\research_notes.md.metadata.json,Metrics,N/A,json,Migrated,6307dc2842987da91502dce6f207305fcac505ae3743dc27218dbfce505c19af
residual_distribution.png,C:\Users\Harshhhh\.gemini\antigravity\brain\03c21182-9e56-4764-a6fd-83660d6d0fc1\residual_distribution.png,d:\ProtLigGnn\artifacts\Figures\residual_distribution.png,Figure,N/A,png,Migrated,e4bbf7a7326bb6a8d8b2a651484a65d8c43f3d61a3c37109b1b693775d3c18dc
residual_scatter.png,C:\Users\Harshhhh\.gemini\antigravity\brain\03c21182-9e56-4764-a6fd-83660d6d0fc1\residual_scatter.png,d:\ProtLigGnn\artifacts\Figures\residual_scatter.png,Figure,N/A,png,Migrated,2b6533c9fd74e9d1ebc40364f3db1b0bd3545ea9c7283188002c7fd0141c1794
Residual_vs_Target.png,C:\Users\Harshhhh\.gemini\antigravity\brain\03c21182-9e56-4764-a6fd-83660d6d0fc1\Residual_vs_Target.png,d:\ProtLigGnn\artifacts\Figures\Residual_vs_Target.png,Figure,N/A,png,Migrated,1ba938135c98f5c5bbe0aab0110b42413445b58e8ad854e52085f112d2cf9902
RMSE_Comparison.png,C:\Users\Harshhhh\.gemini\antigravity\brain\03c21182-9e56-4764-a6fd-83660d6d0fc1\RMSE_Comparison.png,d:\ProtLigGnn\artifacts\Figures\RMSE_Comparison.png,Figure,N/A,png,Migrated,96e66f6699d70669ab0c2f288c0ff4ebbf16ea61b3b12c094fd1462586697399
Speaker_Notes.md,C:\Users\Harshhhh\.gemini\antigravity\brain\03c21182-9e56-4764-a6fd-83660d6d0fc1\Speaker_Notes.md,d:\ProtLigGnn\docs\Research_Notes\Speaker_Notes.md,Documentation,N/A,md,Migrated,579d593cf1dcfe7c45d96d210430b14ba23616f165b338c530aaa79b02af30e3
Spearman_Comparison.png,C:\Users\Harshhhh\.gemini\antigravity\brain\03c21182-9e56-4764-a6fd-83660d6d0fc1\Spearman_Comparison.png,d:\ProtLigGnn\artifacts\Figures\Spearman_Comparison.png,Figure,N/A,png,Migrated,a0682b98e029451eebacd05caa030da2a35a2c39ad3953881ffe332e7ab7a877
task.md,C:\Users\Harshhhh\.gemini\antigravity\brain\03c21182-9e56-4764-a6fd-83660d6d0fc1\task.md,d:\ProtLigGnn\docs\Research_Notes\task.md,Documentation,N/A,md,Migrated,0ace0972f15b9ae297d64bafe665aec68269ae7714514fec5acb7b0b69f677ff
task.md.metadata.json,C:\Users\Harshhhh\.gemini\antigravity\brain\03c21182-9e56-4764-a6fd-83660d6d0fc1\task.md.metadata.json,d:\ProtLigGnn\artifacts\Metrics\task.md.metadata.json,Metrics,N/A,json,Migrated,c6c22571ed77f034c2f592df38e7f994f998e21cf3076c0e3a2652e4d6552621
TRAINING_OPTIMIZATION_REPORT.md,C:\Users\Harshhhh\.gemini\antigravity\brain\03c21182-9e56-4764-a6fd-83660d6d0fc1\TRAINING_OPTIMIZATION_REPORT.md,d:\ProtLigGnn\docs\Research_Notes\TRAINING_OPTIMIZATION_REPORT.md,Documentation,N/A,md,Migrated,1d209ca430d9a61cbca1caf83cdba550f1e3991954b8d24a3cd5e9fbc97c48d2
TRAINING_OPTIMIZATION_REPORT.md.metadata.json,C:\Users\Harshhhh\.gemini\antigravity\brain\03c21182-9e56-4764-a6fd-83660d6d0fc1\TRAINING_OPTIMIZATION_REPORT.md.metadata.json,d:\ProtLigGnn\artifacts\Metrics\TRAINING_OPTIMIZATION_REPORT.md.metadata.json,Metrics,N/A,json,Migrated,e35911b5fcbbb5d5fc3c144da7c892ee9bc8cf79a170007641dad6e30babb813
walkthrough.md,C:\Users\Harshhhh\.gemini\antigravity\brain\03c21182-9e56-4764-a6fd-83660d6d0fc1\walkthrough.md,d:\ProtLigGnn\docs\Research_Notes\walkthrough.md,Documentation,N/A,md,Migrated,7d6d2e2269315efcd0ff726679aba9fec59efc22bc190b5d4e8a3174c404af78
walkthrough.md.metadata.json,C:\Users\Harshhhh\.gemini\antigravity\brain\03c21182-9e56-4764-a6fd-83660d6d0fc1\walkthrough.md.metadata.json,d:\ProtLigGnn\artifacts\Metrics\walkthrough.md.metadata.json,Metrics,N/A,json,Migrated,bd92f3aed62564d4392af8547556d60944932019b2014b3df270d7b20637ca7a
